清单编码(9位),完整编码,项目名称,二级分类,三级分类,是否已映射,映射材料名,匹配类型,相似度,备注
031301001,031301001,凿(压、切割)槽,其他及附属工程,其他及附属工程,否,,,,待补全
031301002,031301002,开孔打洞,其他及附属工程,其他及附属工程,否,,,,待补全
031301003,031301003,套管,其他及附属工程,其他及附属工程,否,,,,待补全
031301004,031301004,成品支架,其他及附属工程,其他及附属工程,否,,,,待补全
031301005,031301005,支/吊架、基础型钢,其他及附属工程,其他及附属工程,否,,,,待补全
031201001,031201001,管道刷油,刷油、防腐蚀、绝热工程,刷油工程,否,,,,待补全
031201002,031201002,设备与矩形管道刷油,刷油、防腐蚀、绝热工程,刷油工程,否,,,,待补全
031201003,031201003,金属结构刷油,刷油、防腐蚀、绝热工程,刷油工程,否,,,,待补全
031201004,031201004,铸铁管、暖气片刷油,刷油、防腐蚀、绝热工程,刷油工程,否,,,,待补全
031201005,031201005,灰面刷油,刷油、防腐蚀、绝热工程,刷油工程,否,,,,待补全
031201006,031201006,布面刷油,刷油、防腐蚀、绝热工程,刷油工程,否,,,,待补全
031201007,031201007,气柜刷油,刷油、防腐蚀、绝热工程,刷油工程,否,,,,待补全
031201008,031201008,玛蹄酯面刷油,刷油、防腐蚀、绝热工程,刷油工程,否,,,,待补全
031201009,031201009,喷漆,刷油、防腐蚀、绝热工程,刷油工程,否,,,,待补全
031206001,031206001,设备喷镀(涂),刷油、防腐蚀、绝热工程,喷镀（涂）工程,否,,,,待补全
031206002,031206002,管道喷镀(涂),刷油、防腐蚀、绝热工程,喷镀（涂）工程,否,,,,待补全
031206003,031206003,型钢喷镀(涂),刷油、防腐蚀、绝热工程,喷镀（涂）工程,否,,,,待补全
031206004,031206004,一般钢结构喷(涂)塑,刷油、防腐蚀、绝热工程,喷镀（涂）工程,否,,,,待补全
031203001,031203001,碳钢设备糊衬,刷油、防腐蚀、绝热工程,手工糊衬玻璃钢工程,否,,,,待补全
031203002,031203002,塑料管道增强糊衬,刷油、防腐蚀、绝热工程,手工糊衬玻璃钢工程,否,,,,待补全
031203003,031203003,各种玻璃钢聚合,刷油、防腐蚀、绝热工程,手工糊衬玻璃钢工程,否,,,,待补全
031204001,031204001,塔、槽类设备衬里,刷油、防腐蚀、绝热工程,橡胶板及塑料板衬里工程,否,,,,待补全
031204002,031204002,锥形设备衬里,刷油、防腐蚀、绝热工程,橡胶板及塑料板衬里工程,否,,,,待补全
031204003,031204003,多孔板衬里,刷油、防腐蚀、绝热工程,橡胶板及塑料板衬里工程,否,,,,待补全
031204004,031204004,管道衬里,刷油、防腐蚀、绝热工程,橡胶板及塑料板衬里工程,否,,,,待补全
031204005,031204005,阀门衬里,刷油、防腐蚀、绝热工程,橡胶板及塑料板衬里工程,否,,,,待补全
031204006,031204006,管件衬里,刷油、防腐蚀、绝热工程,橡胶板及塑料板衬里工程,否,,,,待补全
031204007,031204007,金属表面衬里,刷油、防腐蚀、绝热工程,橡胶板及塑料板衬里工程,否,,,,待补全
031209001,031209001,刷油,刷油、防腐蚀、绝热工程,管道补口补伤工程,否,,,,待补全
031209002,031209002,防腐涂料,刷油、防腐蚀、绝热工程,管道补口补伤工程,否,,,,待补全
031209003,031209003,绝热,刷油、防腐蚀、绝热工程,管道补口补伤工程,否,,,,待补全
031209004,031209004,管道热缩套管补口补伤,刷油、防腐蚀、绝热工程,管道补口补伤工程,否,,,,待补全
031208001,031208001,设备绝热,刷油、防腐蚀、绝热工程,绝热工程,否,,,,待补全
031208002,031208002,其他管道绝热,刷油、防腐蚀、绝热工程,绝热工程,否,,,,待补全
031208003,031208003,通风管道绝热,刷油、防腐蚀、绝热工程,绝热工程,否,,,,待补全
031208004,031208004,阀门绝热,刷油、防腐蚀、绝热工程,绝热工程,否,,,,待补全
031208005,031208005,法兰绝热,刷油、防腐蚀、绝热工程,绝热工程,否,,,,待补全
031208006,031208006,喷涂、涂抹,刷油、防腐蚀、绝热工程,绝热工程,否,,,,待补全
031208007,031208007,防潮层、保护层,刷油、防腐蚀、绝热工程,绝热工程,否,,,,待补全
031208008,031208008,保温盒,刷油、防腐蚀、绝热工程,绝热工程,否,,,,待补全
031208009,031208009,保温托盘,刷油、防腐蚀、绝热工程,绝热工程,否,,,,待补全
031207001,031207001,圆形设备耐酸砖、板衬里,刷油、防腐蚀、绝热工程,耐酸砖、板衬里工程,否,,,,待补全
031207002,031207002,矩形设备耐酸砖、板衬里,刷油、防腐蚀、绝热工程,耐酸砖、板衬里工程,否,,,,待补全
031207003,031207003,锥(塔)形设备耐酸砖、板衬里,刷油、防腐蚀、绝热工程,耐酸砖、板衬里工程,否,,,,待补全
031207004,031207004,供水管内衬,刷油、防腐蚀、绝热工程,耐酸砖、板衬里工程,否,,,,待补全
031207005,031207005,衬石墨管接,刷油、防腐蚀、绝热工程,耐酸砖、板衬里工程,否,,,,待补全
031207006,031207006,铺衬石棉板,刷油、防腐蚀、绝热工程,耐酸砖、板衬里工程,否,,,,待补全
031207007,031207007,耐酸砖板衬砌体热处理,刷油、防腐蚀、绝热工程,耐酸砖、板衬里工程,否,,,,待补全
031205001,031205001,设备衬铅,刷油、防腐蚀、绝热工程,衬铅及搪铅工程,否,,,,待补全
031205002,031205002,型钢及支架包铅,刷油、防腐蚀、绝热工程,衬铅及搪铅工程,否,,,,待补全
031205003,031205003,设备封头、底搪铅,刷油、防腐蚀、绝热工程,衬铅及搪铅工程,否,,,,待补全
031205004,031205004,搅拌叶轮、轴类搪铅,刷油、防腐蚀、绝热工程,衬铅及搪铅工程,否,,,,待补全
031202001,031202001,设备防腐蚀,刷油、防腐蚀、绝热工程,防腐蚀涂料工程,否,,,,待补全
031202002,031202002,非埋地管道防腐蚀,刷油、防腐蚀、绝热工程,防腐蚀涂料工程,否,,,,待补全
031202003,031202003,一般钢结构防腐蚀,刷油、防腐蚀、绝热工程,防腐蚀涂料工程,否,,,,待补全
031202004,031202004,管廊钢结构防腐蚀,刷油、防腐蚀、绝热工程,防腐蚀涂料工程,否,,,,待补全
031202005,031202005,防火涂料,刷油、防腐蚀、绝热工程,防腐蚀涂料工程,否,,,,待补全
031202006,031202006,型钢制钢结构防腐蚀,刷油、防腐蚀、绝热工程,防腐蚀涂料工程,否,,,,待补全
031202007,031202007,金属油罐内壁防静电涂料,刷油、防腐蚀、绝热工程,防腐蚀涂料工程,否,,,,待补全
031202008,031202008,埋地管道防腐蚀,刷油、防腐蚀、绝热工程,防腐蚀涂料工程,否,,,,待补全
031202009,031202009,环氧煤沥青防腐蚀,刷油、防腐蚀、绝热工程,防腐蚀涂料工程,否,,,,待补全
031202010,031202010,聚合物涂料,刷油、防腐蚀、绝热工程,防腐蚀涂料工程,是,聚合物水泥防水涂料,fuzzy_name,71.4,
031210001,031210001,强制外加电流阴极保护,刷油、防腐蚀、绝热工程,阴极保护及牺牲阳极,否,,,,待补全
031210002,031210002,阳极保护,刷油、防腐蚀、绝热工程,阴极保护及牺牲阳极,否,,,,待补全
031210003,031210003,牺牲阳极,刷油、防腐蚀、绝热工程,阴极保护及牺牲阳极,否,,,,待补全
031210004,031210004,排流保护,刷油、防腐蚀、绝热工程,阴极保护及牺牲阳极,否,,,,待补全
031210005,031210005,绝缘性能测试,刷油、防腐蚀、绝热工程,阴极保护及牺牲阳极,是,绝缘体,fuzzy_name,72.0,
030811001,030811001,中压碳钢螺纹法兰,工业管道工程,中压法兰,否,,,,待补全
030811002,030811002,中压碳钢焊接法兰,工业管道工程,中压法兰,否,,,,待补全
030811003,030811003,中压铜及铜合金法兰,工业管道工程,中压法兰,否,,,,待补全
030811004,030811004,中压不锈钢法兰,工业管道工程,中压法兰,否,,,,待补全
030811005,030811005,中压合金钢法兰,工业管道工程,中压法兰,否,,,,待补全
030811006,030811006,中压钛及钛合金法兰,工业管道工程,中压法兰,否,,,,待补全
030811007,030811007,中压锆及锆合金法兰,工业管道工程,中压法兰,否,,,,待补全
030811008,030811008,中压镍及镍合金法兰,工业管道工程,中压法兰,否,,,,待补全
030805001,030805001,中压碳钢管件,工业管道工程,中压管件,否,,,,待补全
030805002,030805002,中压螺旋卷管件,工业管道工程,中压管件,否,,,,待补全
030805003,030805003,中压不锈钢管件,工业管道工程,中压管件,否,,,,待补全
030805004,030805004,中压合金钢管件,工业管道工程,中压管件,否,,,,待补全
030805005,030805005,中压铜及铜合金管件,工业管道工程,中压管件,否,,,,待补全
030805006,030805006,中压钛及钛合金管件,工业管道工程,中压管件,否,,,,待补全
030805007,030805007,中压锆及锆合金管件,工业管道工程,中压管件,否,,,,待补全
030805008,030805008,中压镍及镍合金管件,工业管道工程,中压管件,否,,,,待补全
030802001,030802001,中压碳钢管,工业管道工程,中压管道,否,,,,待补全
030802002,030802002,中压螺旋卷管,工业管道工程,中压管道,否,,,,待补全
030802003,030802003,中压不锈钢管,工业管道工程,中压管道,否,,,,待补全
030802004,030802004,中压合金钢管,工业管道工程,中压管道,否,,,,待补全
030802005,030802005,中压铜及铜合金管,工业管道工程,中压管道,否,,,,待补全
030802006,030802006,中压钛及钛合金管,工业管道工程,中压管道,否,,,,待补全
030802007,030802007,中压锆及锆合金管,工业管道工程,中压管道,否,,,,待补全
030802008,030802008,中压镍及镍合金管,工业管道工程,中压管道,否,,,,待补全
030802009,030802009,中压金属软管,工业管道工程,中压管道,是,金属软管,partial_match,93.3,
030808001,030808001,中压螺纹阀门,工业管道工程,中压阀门,否,,,,待补全
030808002,030808002,中压焊接阀门,工业管道工程,中压阀门,否,,,,待补全
030808003,030808003,中压法兰阀门,工业管道工程,中压阀门,否,,,,待补全
030808004,030808004,中压齿轮、液压传动、电动阀门,工业管道工程,中压阀门,否,,,,待补全
030808005,030808005,中压安全阀门,工业管道工程,中压阀门,否,,,,待补全
030808006,030808006,中压调节阀门,工业管道工程,中压阀门,是,调节阀,partial_match,90.0,
030810001,030810001,低压碳钢螺纹法兰,工业管道工程,低压法兰,否,,,,待补全
030810002,030810002,低压碳钢焊接法兰,工业管道工程,低压法兰,否,,,,待补全
030810003,030810003,低压铜及铜合金法兰,工业管道工程,低压法兰,否,,,,待补全
030810004,030810004,低压不锈钢法兰,工业管道工程,低压法兰,否,,,,待补全
030810005,030810005,低压合金钢法兰,工业管道工程,低压法兰,否,,,,待补全
030810006,030810006,低压铝及铝合金法兰,工业管道工程,低压法兰,否,,,,待补全
030810007,030810007,低压钛及钛合金法兰,工业管道工程,低压法兰,否,,,,待补全
030810008,030810008,低压锆及锆合金法兰,工业管道工程,低压法兰,否,,,,待补全
030810009,030810009,低压镍及镍合金法兰,工业管道工程,低压法兰,否,,,,待补全
030810010,030810010,低压钢骨架复合塑料法兰,工业管道工程,低压法兰,否,,,,待补全
030810011,030810011,低压塑料法兰,工业管道工程,低压法兰,否,,,,待补全
030804001,030804001,低压碳钢管件,工业管道工程,低压管件,否,,,,待补全
030804002,030804002,低压碳钢板卷管件,工业管道工程,低压管件,否,,,,待补全
030804003,030804003,低压不锈钢管件,工业管道工程,低压管件,否,,,,待补全
030804004,030804004,低压不锈钢板卷管件,工业管道工程,低压管件,否,,,,待补全
030804005,030804005,低压合金钢管件,工业管道工程,低压管件,否,,,,待补全
030804006,030804006,低压加热外套碳钢管件(两半),工业管道工程,低压管件,否,,,,待补全
030804007,030804007,低压加热外套不锈钢管件(两半),工业管道工程,低压管件,否,,,,待补全
030804008,030804008,低压铝及铝合金管件,工业管道工程,低压管件,否,,,,待补全
030804009,030804009,低压铝及铝合金板卷管件,工业管道工程,低压管件,否,,,,待补全
030804010,030804010,低压铜及铜合金管件,工业管道工程,低压管件,否,,,,待补全
030804011,030804011,低压钛及钛合金管件,工业管道工程,低压管件,否,,,,待补全
030804012,030804012,低压锆及锆合金管件,工业管道工程,低压管件,否,,,,待补全
030804013,030804013,低压镍及镍合金管件,工业管道工程,低压管件,否,,,,待补全
030804014,030804014,低压塑料管件,工业管道工程,低压管件,否,,,,待补全
030804015,030804015,金属骨架复合管件,工业管道工程,低压管件,否,,,,待补全
030804016,030804016,低压玻璃钢管件,工业管道工程,低压管件,否,,,,待补全
030804017,030804017,低压铸铁管件,工业管道工程,低压管件,否,,,,待补全
030804018,030804018,低压直埋保温管件,工业管道工程,低压管件,否,,,,待补全
030804019,030804019,低压钢套管直埋保温管件,工业管道工程,低压管件,是,保温管,partial_match,85.5,
030801001,030801001,低压碳钢管,工业管道工程,低压管道,否,,,,待补全
030801002,030801002,低压碳钢伴热管,工业管道工程,低压管道,否,,,,待补全
030801003,030801003,低压不锈钢伴热管,工业管道工程,低压管道,是,不锈钢,partial_match,87.5,
030801004,030801004,低压碳钢板卷管,工业管道工程,低压管道,否,,,,待补全
030801005,030801005,低压不锈钢管,工业管道工程,低压管道,是,不锈钢管,partial_match,93.3,
030801006,030801006,低压不锈钢板卷管,工业管道工程,低压管道,否,,,,待补全
030801007,030801007,低压合金钢管,工业管道工程,低压管道,否,,,,待补全
030801008,030801008,低压钛及钛合金管,工业管道工程,低压管道,是,低压柜,fuzzy_name,72.0,
030801009,030801009,低压镍及镍合金管,工业管道工程,低压管道,否,,,,待补全
030801010,030801010,低压锆及锆合金管,工业管道工程,低压管道,否,,,,待补全
030801011,030801011,低压铝及铝合金管,工业管道工程,低压管道,是,铝合金L管,fuzzy_name,80.0,
030801012,030801012,低压铝及铝合金板卷管,工业管道工程,低压管道,否,,,,待补全
030801013,030801013,低压铜及铜合金管,工业管道工程,低压管道,否,,,,待补全
030801014,030801014,低压铜及铜合金板卷管,工业管道工程,低压管道,否,,,,待补全
030801015,030801015,低压塑料管,工业管道工程,低压管道,否,,,,待补全
030801016,030801016,低压金属骨架复合管,工业管道工程,低压管道,否,,,,待补全
030801017,030801017,低压玻璃钢管,工业管道工程,低压管道,否,,,,待补全
030801018,030801018,低压铸铁管,工业管道工程,低压管道,否,,,,待补全
030801019,030801019,低压金属软管,工业管道工程,低压管道,否,,,,待补全
030801020,030801020,低压直埋保温管道,工业管道工程,低压管道,否,,,,待补全
030807001,030807001,低压螺纹阀门,工业管道工程,低压阀门,否,,,,待补全
030807002,030807002,低压焊接阀门,工业管道工程,低压阀门,否,,,,待补全
030807003,030807003,低压法兰阀门,工业管道工程,低压阀门,否,,,,待补全
030807004,030807004,低压齿轮、液压传动、电动阀门,工业管道工程,低压阀门,否,,,,待补全
030807005,030807005,低压安全阀门,工业管道工程,低压阀门,否,,,,待补全
030807006,030807006,低压调节阀门,工业管道工程,低压阀门,是,调节阀,partial_match,90.0,
030814001,030814001,冷排管,工业管道工程,其他项目制作安装,是,手压式排管,fuzzy_name,72.0,
030814002,030814002,分、集汽(水)缸,工业管道工程,其他项目制作安装,否,,,,待补全
030814003,030814003,空气分气筒,工业管道工程,其他项目制作安装,是,空气站分气缸,fuzzy_name,72.7,
030814004,030814004,空气调节喷雾管,工业管道工程,其他项目制作安装,否,,,,待补全
030814005,030814005,钢制排水漏斗,工业管道工程,其他项目制作安装,否,,,,待补全
030814006,030814006,水位计,工业管道工程,其他项目制作安装,否,,,,待补全
030814007,030814007,手摇泵,工业管道工程,其他项目制作安装,否,,,,待补全
030814008,030814008,三通补强圈,工业管道工程,其他项目制作安装,否,,,,待补全
030814009,030814009,碳钢管虾体弯,工业管道工程,其他项目制作安装,否,,,,待补全
030814010,030814010,中压螺旋卷管虾体弯,工业管道工程,其他项目制作安装,是,螺旋钢管,fuzzy_name,67.5,
030814011,030814011,不锈钢管虾体弯,工业管道工程,其他项目制作安装,否,,,,待补全
030814012,030814012,铝及铝合金管虾体弯,工业管道工程,其他项目制作安装,是,铝合金L管,fuzzy_name,72.0,
030814013,030814013,铜及铜合金管虾体弯,工业管道工程,其他项目制作安装,是,铜及铜金焊条,fuzzy_name,65.5,
030814014,030814014,管道清洁,工业管道工程,其他项目制作安装,否,,,,待补全
030813001,030813001,管材表面超声波探伤,工业管道工程,无损检测与热处理,是,铝管材,fuzzy_name,72.0,
030813002,030813002,管材表面磁粉探伤,工业管道工程,无损检测与热处理,否,,,,待补全
030813003,030813003,焊缝X射线探伤,工业管道工程,无损检测与热处理,否,,,,待补全
030813004,030813004,焊缝γ射线探伤,工业管道工程,无损检测与热处理,否,,,,待补全
030813005,030813005,焊缝超声波探伤,工业管道工程,无损检测与热处理,否,,,,待补全
030813006,030813006,焊缝磁粉探伤,工业管道工程,无损检测与热处理,否,,,,待补全
030813007,030813007,焊缝渗透探伤,工业管道工程,无损检测与热处理,否,,,,待补全
030813008,030813008,焊前预热、后热处理,工业管道工程,无损检测与热处理,否,,,,待补全
030813009,030813009,焊口热处理,工业管道工程,无损检测与热处理,否,,,,待补全
030813010,030813010,光谱分析,工业管道工程,无损检测与热处理,否,,,,待补全
030813011,030813011,管道安拆后的充气保护,工业管道工程,无损检测与热处理,是,保护套,fuzzy_name,72.0,
030812001,030812001,高压碳钢螺纹法兰,工业管道工程,高压法兰,否,,,,待补全
030812002,030812002,高压碳钢焊接法兰,工业管道工程,高压法兰,否,,,,待补全
030812003,030812003,高压不锈钢焊接法兰,工业管道工程,高压法兰,否,,,,待补全
030812004,030812004,高压合金钢焊接法兰,工业管道工程,高压法兰,否,,,,待补全
030806001,030806001,高压碳钢管件,工业管道工程,高压管件,否,,,,待补全
030806002,030806002,高压不锈钢管件,工业管道工程,高压管件,否,,,,待补全
030806003,030806003,高压合金钢管件,工业管道工程,高压管件,否,,,,待补全
030803001,030803001,高压碳钢管,工业管道工程,高压管道,否,,,,待补全
030803002,030803002,高压合金钢管,工业管道工程,高压管道,否,,,,待补全
030803003,030803003,高压不锈钢管,工业管道工程,高压管道,否,,,,待补全
030809001,030809001,高压螺纹阀门,工业管道工程,高压阀门,否,,,,待补全
030809002,030809002,高压法兰阀门,工业管道工程,高压阀门,否,,,,待补全
030809003,030809003,高压焊接阀门,工业管道工程,高压阀门,否,,,,待补全
030506001,030506001,入侵探测器,建筑智能化工程,安全防范系统,是,离子感烟火灾探测器,fuzzy_name,67.5,
030506003,030506003,入侵报警控制器,建筑智能化工程,安全防范系统,是,报警控制器,partial_match,94.3,
030506004,030506004,入侵报警中心显示设备,建筑智能化工程,安全防范系统,否,,,,待补全
030506005,030506005,入侵报警信号传输设备,建筑智能化工程,安全防范系统,否,,,,待补全
030506006,030506006,出入口目标识别设备,建筑智能化工程,安全防范系统,否,,,,待补全
030506007,030506007,出入口控制设备,建筑智能化工程,安全防范系统,否,,,,待补全
030506008,030506008,出入口执行机构设备,建筑智能化工程,安全防范系统,否,,,,待补全
030506009,030506009,巡更设备,建筑智能化工程,安全防范系统,否,,,,待补全
030506010,030506010,监控摄像设备,建筑智能化工程,安全防范系统,否,,,,待补全
030506011,030506011,视频控制设备,建筑智能化工程,安全防范系统,否,,,,待补全
030506012,030506012,音频、视频及脉冲分配器,建筑智能化工程,安全防范系统,否,,,,待补全
030506013,030506013,视频补偿器,建筑智能化工程,安全防范系统,是,无约束波纹补偿器,fuzzy_name,67.5,
030506014,030506014,视频传输设备,建筑智能化工程,安全防范系统,否,,,,待补全
030506015,030506015,录像设备,建筑智能化工程,安全防范系统,是,工艺Ⅱ(录设备1),fuzzy_name,67.5,
030506016,030506016,监视设备,建筑智能化工程,安全防范系统,否,,,,待补全
030506018,030506018,安全检查设备,建筑智能化工程,安全防范系统,是,安全阀,fuzzy_name,72.0,
030506019,030506019,停车场管理设备,建筑智能化工程,安全防范系统,否,,,,待补全
030506020,030506020,安全防范分系统调试,建筑智能化工程,安全防范系统,是,安全阀,fuzzy_name,72.0,
030506021,030506021,安全防范系统调试及试运行,建筑智能化工程,安全防范系统,是,安全阀,fuzzy_name,72.0,
030506022,030506022,射频识别系统设备,建筑智能化工程,安全防范系统,否,,,,待补全
030503001,030503001,通讯网络控制设备,建筑智能化工程,建筑设备自动化系统,是,通讯网关卡,fuzzy_name,67.5,
030503002,030503002,控制器,建筑智能化工程,建筑设备自动化系统,否,,,,待补全
030503003,030503003,控制箱,建筑智能化工程,建筑设备自动化系统,否,,,,待补全
030503004,030503004,第三方通信设备接口,建筑智能化工程,建筑设备自动化系统,否,,,,待补全
030503005,030503005,传感器,建筑智能化工程,建筑设备自动化系统,是,室内压力传感器,partial_match,83.6,
030503006,030503006,电动调节阀及执行机构,建筑智能化工程,建筑设备自动化系统,否,,,,待补全
030503007,030503007,分系统调试,建筑智能化工程,建筑设备自动化系统,否,,,,待补全
030503008,030503008,楼控系统调试及试运行,建筑智能化工程,建筑设备自动化系统,否,,,,待补全
030503009,030503009,基表及控制设备,建筑智能化工程,建筑设备自动化系统,否,,,,待补全
030503010,030503010,采集系统,建筑智能化工程,建筑设备自动化系统,否,,,,待补全
030503011,030503011,微机电系统(MEMS),建筑智能化工程,建筑设备自动化系统,否,,,,待补全
030503012,030503012,能耗监测系统中心管理设备,建筑智能化工程,建筑设备自动化系统,否,,,,待补全
030503013,030503013,电量变送器,建筑智能化工程,建筑设备自动化系统,是,监控传感器 压力变送器 电导变送器 液位变送器,fuzzy_name,72.0,
030503014,030503014,其他传感器及变送器,建筑智能化工程,建筑设备自动化系统,否,,,,待补全
030503015,030503015,物联网M2M设备,建筑智能化工程,建筑设备自动化系统,否,,,,待补全
030507001,030507001,智能照明系统设备,建筑智能化工程,智能家居系统,否,,,,待补全
030507002,030507002,智能家居系统设备,建筑智能化工程,智能家居系统,否,,,,待补全
030507003,030507003,智能情景系统设备,建筑智能化工程,智能家居系统,否,,,,待补全
030507004,030507004,智能语音系统设备,建筑智能化工程,智能家居系统,否,,,,待补全
030507005,030507005,智能暖通系统设备,建筑智能化工程,智能家居系统,否,,,,待补全
030507006,030507006,智能家电系统设备,建筑智能化工程,智能家居系统,否,,,,待补全
030507007,030507007,智能家居分系统调试,建筑智能化工程,智能家居系统,否,,,,待补全
030507008,030507008,智能家居系统调试及试运行,建筑智能化工程,智能家居系统,否,,,,待补全
030504001,030504001,共用天线,建筑智能化工程,有线电视、卫星接收系统,否,,,,待补全
030504002,030504002,卫星电视天线、馈线系统,建筑智能化工程,有线电视、卫星接收系统,否,,,,待补全
030504003,030504003,前端机柜,建筑智能化工程,有线电视、卫星接收系统,否,,,,待补全
030504004,030504004,电视墙,建筑智能化工程,有线电视、卫星接收系统,是,电视墙,exact_name,100.0,
030504005,030504005,电视插座,建筑智能化工程,有线电视、卫星接收系统,是,电视插座,exact_name,100.0,
030504006,030504006,同轴电缆,建筑智能化工程,有线电视、卫星接收系统,否,,,,待补全
030504007,030504007,同轴电缆接续,建筑智能化工程,有线电视、卫星接收系统,否,,,,待补全
030504008,030504008,前端射频、广播设备,建筑智能化工程,有线电视、卫星接收系统,否,,,,待补全
030504009,030504009,卫星电视接收设备,建筑智能化工程,有线电视、卫星接收系统,否,,,,待补全
030504010,030504010,光端设备,建筑智能化工程,有线电视、卫星接收系统,否,,,,待补全
030504011,030504011,有线电视系统管理设备,建筑智能化工程,有线电视、卫星接收系统,否,,,,待补全
030504012,030504012,播控台,建筑智能化工程,有线电视、卫星接收系统,否,,,,待补全
030504013,030504013,数字电视设备,建筑智能化工程,有线电视、卫星接收系统,否,,,,待补全
030504014,030504014,干线传输设备,建筑智能化工程,有线电视、卫星接收系统,否,,,,待补全
030504015,030504015,线路设备,建筑智能化工程,有线电视、卫星接收系统,否,,,,待补全
030504016,030504016,终端设备,建筑智能化工程,有线电视、卫星接收系统,否,,,,待补全
030504017,030504017,有线电视、卫星接收系统调试及试运行,建筑智能化工程,有线电视、卫星接收系统,否,,,,待补全
030502001,030502001,光缆分纤箱、光缆交接箱、分线接线箱,建筑智能化工程,综合布线系统,是,分线箱,fuzzy_name,72.0,
030502002,030502002,电话插座,建筑智能化工程,综合布线系统,是,电话插座,exact_name,100.0,
030502003,030502003,双绞线缆,建筑智能化工程,综合布线系统,否,,,,待补全
030502004,030502004,大对数电缆、电话线,建筑智能化工程,综合布线系统,否,,,,待补全
030502005,030502005,光缆,建筑智能化工程,综合布线系统,否,,,,待补全
030502006,030502006,光纤合束器、光纤分束器,建筑智能化工程,综合布线系统,否,,,,待补全
030502007,030502007,跳线、跳纤,建筑智能化工程,综合布线系统,否,,,,待补全
030502008,030502008,配线架,建筑智能化工程,综合布线系统,是,配线桥架,fuzzy_name,85.7,
030502009,030502009,跳线架,建筑智能化工程,综合布线系统,是,电缆扎线架,fuzzy_name,72.0,
030502010,030502010,信息、网络插座,建筑智能化工程,综合布线系统,否,,,,待补全
030502011,030502011,光纤接续盒,建筑智能化工程,综合布线系统,否,,,,待补全
030502012,030502012,光纤接续,建筑智能化工程,综合布线系统,否,,,,待补全
030502013,030502013,光缆终端盒,建筑智能化工程,综合布线系统,否,,,,待补全
030502014,030502014,尾纤,建筑智能化工程,综合布线系统,否,,,,待补全
030502015,030502015,线管理器,建筑智能化工程,综合布线系统,否,,,,待补全
030502016,030502016,光纤插座,建筑智能化工程,综合布线系统,否,,,,待补全
030502017,030502017,双绞线缆测试,建筑智能化工程,综合布线系统,否,,,,待补全
030502018,030502018,大对数电缆、电话线测试,建筑智能化工程,综合布线系统,是,电话线,partial_match,85.5,
030502019,030502019,光纤测试,建筑智能化工程,综合布线系统,否,,,,待补全
030502020,030502020,综合布线系统调试及试运行,建筑智能化工程,综合布线系统,否,,,,待补全
030501001,030501001,输入设备,建筑智能化工程,计算机应用、网络系统,否,,,,待补全
030501002,030501002,输出设备,建筑智能化工程,计算机应用、网络系统,否,,,,待补全
030501003,030501003,控制设备,建筑智能化工程,计算机应用、网络系统,否,,,,待补全
030501004,030501004,存储设备,建筑智能化工程,计算机应用、网络系统,否,,,,待补全
030501005,030501005,插箱、机柜、台架,建筑智能化工程,计算机应用、网络系统,否,,,,待补全
030501006,030501006,操作台,建筑智能化工程,计算机应用、网络系统,是,单层平板操作台,partial_match,83.6,
030501007,030501007,互联电缆,建筑智能化工程,计算机应用、网络系统,否,,,,待补全
030501008,030501008,扩展板卡,建筑智能化工程,计算机应用、网络系统,否,,,,待补全
030501009,030501009,集线器,建筑智能化工程,计算机应用、网络系统,否,,,,待补全
030501010,030501010,路由器,建筑智能化工程,计算机应用、网络系统,否,,,,待补全
030501011,030501011,适配器,建筑智能化工程,计算机应用、网络系统,否,,,,待补全
030501012,030501012,中继器,建筑智能化工程,计算机应用、网络系统,否,,,,待补全
030501013,030501013,收发器,建筑智能化工程,计算机应用、网络系统,否,,,,待补全
030501014,030501014,防火墙,建筑智能化工程,计算机应用、网络系统,否,,,,待补全
030501015,030501015,交换机,建筑智能化工程,计算机应用、网络系统,否,,,,待补全
030501016,030501016,网关,建筑智能化工程,计算机应用、网络系统,否,,,,待补全
030501017,030501017,转换器,建筑智能化工程,计算机应用、网络系统,否,,,,待补全
030501018,030501018,网桥,建筑智能化工程,计算机应用、网络系统,否,,,,待补全
030501019,030501019,服务器,建筑智能化工程,计算机应用、网络系统,是,服务台屏风,fuzzy_name,72.0,
030501020,030501020,调制解调器,建筑智能化工程,计算机应用、网络系统,否,,,,待补全
030501021,030501021,无线设备,建筑智能化工程,计算机应用、网络系统,否,,,,待补全
030501022,030501022,计算机应用、网络系统联调及试运行,建筑智能化工程,计算机应用、网络系统,是,计算器,fuzzy_name,72.0,
030501023,030501023,软件,建筑智能化工程,计算机应用、网络系统,是,室外系统管理软件包,partial_match,79.4,
030505001,030505001,信号源设备,建筑智能化工程,音频、视频系统,否,,,,待补全
030505002,030505002,调音台,建筑智能化工程,音频、视频系统,否,,,,待补全
030505003,030505003,周边设备,建筑智能化工程,音频、视频系统,否,,,,待补全
030505004,030505004,功率放大器,建筑智能化工程,音频、视频系统,否,,,,待补全
030505005,030505005,扬声器,建筑智能化工程,音频、视频系统,是,挂壁扬声器,partial_match,87.0,
030505006,030505006,电源,建筑智能化工程,音频、视频系统,是,电源线,partial_match,88.3,
030505007,030505007,会议专用设备,建筑智能化工程,音频、视频系统,是,会议桌,fuzzy_name,72.0,
030505008,030505008,扩声、会议系统级间调试,建筑智能化工程,音频、视频系统,否,,,,待补全
030505009,030505009,扩声、会议系统调试及试运行,建筑智能化工程,音频、视频系统,否,,,,待补全
030505010,030505010,扩声、会议系统测量,建筑智能化工程,音频、视频系统,否,,,,待补全
030505011,030505011,公共广播、背景音乐系统设备,建筑智能化工程,音频、视频系统,否,,,,待补全
030505012,030505012,公共广播、背景音乐系统调试及试运行,建筑智能化工程,音频、视频系统,否,,,,待补全
030505013,030505013,公共广播、背景音乐系统测量,建筑智能化工程,音频、视频系统,否,,,,待补全
030505014,030505014,信号采集设备,建筑智能化工程,音频、视频系统,是,信号阀,fuzzy_name,72.0,
030505015,030505015,信号处理设备,建筑智能化工程,音频、视频系统,是,信号阀,fuzzy_name,72.0,
030505016,030505016,显示设备,建筑智能化工程,音频、视频系统,否,,,,待补全
030505018,030505018,录编设备,建筑智能化工程,音频、视频系统,是,工艺Ⅱ(录设备1),fuzzy_name,67.5,
030505019,030505019,视频系统调试及试运行,建筑智能化工程,音频、视频系统,否,,,,待补全
030505020,030505020,视频系统测量,建筑智能化工程,音频、视频系统,否,,,,待补全
031401001,031401001,脚手架,措施项目,专业措施项目,是,脚手架,exact_name,100.0,
031401002,031401002,大型机械设备进出场及安拆,措施项目,专业措施项目,否,,,,待补全
031401003,031401003,临时专用防护棚,措施项目,专业措施项目,否,,,,待补全
031401004,031401004,施工操作平台,措施项目,专业措施项目,否,,,,待补全
031401005,031401005,临时支撑架,措施项目,专业措施项目,否,,,,待补全
031401006,031401006,隧道内临时施工的通风、供水、供气、供电、照明及通信设施,措施项目,专业措施项目,否,,,,待补全
031401007,031401007,吊装加固,措施项目,专业措施项目,否,,,,待补全
031401008,031401008,胎(模)具,措施项目,专业措施项目,否,,,,待补全
031401009,031401009,安全生产,措施项目,专业措施项目,否,,,,待补全
031401010,031401010,文明施工,措施项目,专业措施项目,否,,,,待补全
031401011,031401011,环境保护,措施项目,专业措施项目,否,,,,待补全
031401012,031401012,临时设施,措施项目,专业措施项目,否,,,,待补全
031401013,031401013,二次搬运,措施项目,专业措施项目,否,,,,待补全
031401014,031401014,既有建(构)筑物、设施保护,措施项目,专业措施项目,是,保护套,fuzzy_name,72.0,
031401015,031401015,已完工程及设备保护,措施项目,专业措施项目,是,保护套,fuzzy_name,72.0,
031401016,031401016,顶升、提升装置,措施项目,专业措施项目,否,,,,待补全
031401017,031401017,特殊地区施工增加,措施项目,专业措施项目,否,,,,待补全
031401018,031401018,安装与生产运行同时进行施工防护,措施项目,专业措施项目,是,安装片,fuzzy_name,72.0,
031401019,031401019,有害身体健康环境中施工防护,措施项目,专业措施项目,是,防护网,fuzzy_name,72.0,
031401020,031401020,夜间施工增加费,措施项目,专业措施项目,是,加工费,fuzzy_name,72.0,
031401021,031401021,冬雨季施工增加,措施项目,专业措施项目,否,,,,待补全
031401022,031401022,其他措施,措施项目,专业措施项目,否,,,,待补全
030113001,030113001,热力机组,机械设备安装工程,其他机械安装,否,,,,待补全
030113002,030113002,润滑油处理设备,机械设备安装工程,其他机械安装,否,,,,待补全
030113003,030113003,膨胀机,机械设备安装工程,其他机械安装,是,膨胀混凝土,fuzzy_name,72.0,
030113004,030113004,柴油机,机械设备安装工程,其他机械安装,否,,,,待补全
030113005,030113005,柴油发电机组,机械设备安装工程,其他机械安装,否,,,,待补全
030113006,030113006,电动机,机械设备安装工程,其他机械安装,否,,,,待补全
030113007,030113007,电动发电机组,机械设备安装工程,其他机械安装,否,,,,待补全
030113008,030113008,储气罐,机械设备安装工程,其他机械安装,否,,,,待补全
030113009,030113009,乙炔发生器,机械设备安装工程,其他机械安装,否,,,,待补全
030113010,030113010,水压机蓄势罐,机械设备安装工程,其他机械安装,否,,,,待补全
030113011,030113011,空气分离塔,机械设备安装工程,其他机械安装,否,,,,待补全
030113012,030113012,小型制氧机附属设备,机械设备安装工程,其他机械安装,否,,,,待补全
030113022,030113022,风力发电机,机械设备安装工程,其他机械安装,否,,,,待补全
030113023,030113023,设备减震台座,机械设备安装工程,其他机械安装,否,,,,待补全
030101001,030101001,机床,机械设备安装工程,切削设备安装,否,,,,待补全
030101002,030101002,跑车带锯机,机械设备安装工程,切削设备安装,否,,,,待补全
030101003,030101003,带锯机保护罩制作与安装,机械设备安装工程,切削设备安装,是,安装片,fuzzy_name,72.0,
030112001,030112001,冷水机组,机械设备安装工程,制冷设备安装,否,,,,待补全
030112002,030112002,制冰设备,机械设备安装工程,制冷设备安装,否,,,,待补全
030112003,030112003,热泵机组,机械设备安装工程,制冷设备安装,否,,,,待补全
030112004,030112004,溴化锂吸收式制冷机,机械设备安装工程,制冷设备安装,否,,,,待补全
030112005,030112005,冷风机,机械设备安装工程,制冷设备安装,是,风机就地检修箱,fuzzy_name,72.0,
030112006,030112006,冷却塔,机械设备安装工程,制冷设备安装,是,冷却塔,exact_name,100.0,
030112013,030112013,冷凝器,机械设备安装工程,制冷设备安装,是,冷凝容器,fuzzy_name,85.7,
030112014,030112014,蒸发器,机械设备安装工程,制冷设备安装,是,蒸汽发生器,fuzzy_name,75.0,
030112015,030112015,贮液器(排液桶),机械设备安装工程,制冷设备安装,否,,,,待补全
030112016,030112016,集油器,机械设备安装工程,制冷设备安装,是,自动刮油隔油器,fuzzy_name,72.0,
030112017,030112017,紧急泄氨器,机械设备安装工程,制冷设备安装,否,,,,待补全
030112018,030112018,油视镜,机械设备安装工程,制冷设备安装,是,玻璃管视镜,fuzzy_name,72.0,
030112019,030112019,分离器,机械设备安装工程,制冷设备安装,是,分离式液压起顶机,fuzzy_name,72.0,
030112020,030112020,过滤器,机械设备安装工程,制冷设备安装,是,过滤器,exact_name,100.0,
030112021,030112021,中间冷却器,机械设备安装工程,制冷设备安装,否,,,,待补全
030110001,030110001,压缩机,机械设备安装工程,压缩机安装,是,压缩机谷轮涡旋,partial_match,83.6,
030109001,030109001,泵,机械设备安装工程,泵安装,否,,,,待补全
030111001,030111001,煤气发生炉,机械设备安装工程,煤气发生设备安装,是,煤气管,fuzzy_name,72.0,
030111002,030111002,洗涤塔,机械设备安装工程,煤气发生设备安装,否,,,,待补全
030111003,030111003,电气滤清器,机械设备安装工程,煤气发生设备安装,否,,,,待补全
030111004,030111004,竖管,机械设备安装工程,煤气发生设备安装,否,,,,待补全
030111005,030111005,附属设备,机械设备安装工程,煤气发生设备安装,否,,,,待补全
030111006,030111006,附属容器构件,机械设备安装工程,煤气发生设备安装,否,,,,待补全
030107001,030107001,交流电梯,机械设备安装工程,电梯安装,否,,,,待补全
030107002,030107002,直流电梯,机械设备安装工程,电梯安装,否,,,,待补全
030107003,030107003,杂货电梯,机械设备安装工程,电梯安装,否,,,,待补全
030107004,030107004,观光电梯,机械设备安装工程,电梯安装,否,,,,待补全
030107005,030107005,液压电梯,机械设备安装工程,电梯安装,否,,,,待补全
030107006,030107006,自动扶梯,机械设备安装工程,电梯安装,否,,,,待补全
030107007,030107007,自动人行道,机械设备安装工程,电梯安装,否,,,,待补全
030107008,030107008,轮椅升降台,机械设备安装工程,电梯安装,否,,,,待补全
030105001,030105001,起重机轨道,机械设备安装工程,起重机轨道安装,否,,,,待补全
030104001,030104001,桥式起重机,机械设备安装工程,起重设备安装,否,,,,待补全
030104002,030104002,吊钩门式起重机,机械设备安装工程,起重设备安装,否,,,,待补全
030104003,030104003,梁式起重机,机械设备安装工程,起重设备安装,否,,,,待补全
030104004,030104004,电动壁行悬臂挂式起重机,机械设备安装工程,起重设备安装,否,,,,待补全
030104005,030104005,旋臂壁式起重机,机械设备安装工程,起重设备安装,否,,,,待补全
030104006,030104006,旋臂立柱式起重机,机械设备安装工程,起重设备安装,否,,,,待补全
030104007,030104007,电动葫芦,机械设备安装工程,起重设备安装,否,,,,待补全
030104008,030104008,单轨小车,机械设备安装工程,起重设备安装,否,,,,待补全
030106001,030106001,斗式提升机,机械设备安装工程,输送设备安装,否,,,,待补全
030106002,030106002,刮板输送机,机械设备安装工程,输送设备安装,否,,,,待补全
030106003,030106003,板(裙)式输送机,机械设备安装工程,输送设备安装,否,,,,待补全
030106004,030106004,悬挂输送机,机械设备安装工程,输送设备安装,否,,,,待补全
030106005,030106005,固定式胶带输送机,机械设备安装工程,输送设备安装,否,,,,待补全
030106006,030106006,螺旋输送机,机械设备安装工程,输送设备安装,否,,,,待补全
030106007,030106007,卸矿车,机械设备安装工程,输送设备安装,否,,,,待补全
030106008,030106008,皮带秤,机械设备安装工程,输送设备安装,否,,,,待补全
030103001,030103001,砂处理设备,机械设备安装工程,铸造设备安装,否,,,,待补全
030103002,030103002,造型设备,机械设备安装工程,铸造设备安装,否,,,,待补全
030103003,030103003,制芯设备,机械设备安装工程,铸造设备安装,否,,,,待补全
030103004,030103004,落砂设备,机械设备安装工程,铸造设备安装,否,,,,待补全
030103005,030103005,清理设备,机械设备安装工程,铸造设备安装,否,,,,待补全
030103006,030103006,金属型铸造设备,机械设备安装工程,铸造设备安装,否,,,,待补全
030103007,030103007,材料准备设备,机械设备安装工程,铸造设备安装,否,,,,待补全
030103008,030103008,抛丸清理室,机械设备安装工程,铸造设备安装,否,,,,待补全
030103009,030103009,铸铁平台,机械设备安装工程,铸造设备安装,否,,,,待补全
030102001,030102001,机械压力机,机械设备安装工程,锻压设备安装,否,,,,待补全
030102002,030102002,液压机,机械设备安装工程,锻压设备安装,否,,,,待补全
030102003,030102003,自动锻压机,机械设备安装工程,锻压设备安装,否,,,,待补全
030102004,030102004,锻锤,机械设备安装工程,锻压设备安装,否,,,,待补全
030102005,030102005,剪切机,机械设备安装工程,锻压设备安装,否,,,,待补全
030102006,030102006,弯曲校正机,机械设备安装工程,锻压设备安装,否,,,,待补全
030102007,030102007,锻造水压机,机械设备安装工程,锻压设备安装,否,,,,待补全
030108001,030108001,风机,机械设备安装工程,风机安装,否,,,,待补全
030910001,030910001,灭火器,消防工程,其他消防器具,是,灭火器,exact_name,100.0,
030910002,030910002,灭火器箱,消防工程,其他消防器具,是,灭火器箱,exact_name,100.0,
030910003,030910003,超细干粉灭火装置,消防工程,其他消防器具,否,,,,待补全
030910004,030910004,自给正压式空气呼吸器,消防工程,其他消防器具,是,自给式正压空气呼吸器,fuzzy_name,90.0,
030902001,030902001,无缝钢管,消防工程,气体灭火系统,否,,,,待补全
030902002,030902002,不锈钢管,消防工程,气体灭火系统,否,,,,待补全
030902003,030902003,钢制管件,消防工程,气体灭火系统,否,,,,待补全
030902004,030902004,不锈钢管管件,消防工程,气体灭火系统,是,不锈钢管,partial_match,93.3,
030902005,030902005,气体驱动装置管道,消防工程,气体灭火系统,否,,,,待补全
030902006,030902006,选择阀,消防工程,气体灭火系统,否,,,,待补全
030902007,030902007,气体喷头,消防工程,气体灭火系统,否,,,,待补全
030902008,030902008,贮存装置,消防工程,气体灭火系统,否,,,,待补全
030902009,030902009,称重检漏装置,消防工程,气体灭火系统,否,,,,待补全
030902010,030902010,无管网气体灭火装置,消防工程,气体灭火系统,是,无缝管,fuzzy_name,72.0,
030902011,030902011,泄压装置,消防工程,气体灭火系统,是,消火栓、自喷稳压装置,fuzzy_name,77.1,
030901001,030901001,水喷淋钢管,消防工程,水灭火系统,否,,,,待补全
030901002,030901002,消火栓钢管,消防工程,水灭火系统,否,,,,待补全
030901003,030901003,水喷淋(雾)喷头,消防工程,水灭火系统,否,,,,待补全
030901004,030901004,报警装置,消防工程,水灭火系统,否,,,,待补全
030901005,030901005,温感式水幕装置,消防工程,水灭火系统,否,,,,待补全
030901006,030901006,水流指示器,消防工程,水灭火系统,否,,,,待补全
030901007,030901007,减压孔板,消防工程,水灭火系统,否,,,,待补全
030901008,030901008,末端试水装置,消防工程,水灭火系统,否,,,,待补全
030901009,030901009,集热盘,消防工程,水灭火系统,否,,,,待补全
030901010,030901010,室内消火栓,消防工程,水灭火系统,否,,,,待补全
030901011,030901011,室外消火栓,消防工程,水灭火系统,否,,,,待补全
030901012,030901012,消防水泵接合器,消防工程,水灭火系统,否,,,,待补全
030901013,030901013,消防水炮,消防工程,水灭火系统,否,,,,待补全
030901014,030901014,高压细水雾区域阀,消防工程,水灭火系统,否,,,,待补全
030903001,030903001,泡沫发生器,消防工程,泡沫灭火系统,是,水轮机式泡沫发生器,partial_match,86.1,
030903002,030903002,泡沫比例混合器,消防工程,泡沫灭火系统,否,,,,待补全
030903003,030903003,泡沫液贮罐,消防工程,泡沫灭火系统,否,,,,待补全
030908001,030908001,状态监控主机,消防工程,消防电源监控系统,是,中控主机,fuzzy_name,77.1,
030908002,030908002,电流传感器,消防工程,消防电源监控系统,是,电流互感器,fuzzy_name,80.0,
030908003,030908003,电压传感器,消防工程,消防电源监控系统,是,互感器,fuzzy_name,72.0,
030909001,030909001,水灭火控制装置调试,消防工程,消防系统调试,否,,,,待补全
030909002,030909002,气体灭火系统装置调试,消防工程,消防系统调试,否,,,,待补全
030909003,030909003,自动报警系统调试,消防工程,消防系统调试,否,,,,待补全
030909004,030909004,消防广播系统调试,消防工程,消防系统调试,是,消防栓,fuzzy_name,72.0,
030909005,030909005,消防电话系统调试,消防工程,消防系统调试,是,消防栓,fuzzy_name,72.0,
030909006,030909006,防火控制装置调试,消防工程,消防系统调试,是,防火板,fuzzy_name,72.0,
030909007,030909007,空气采样探测报警系统调试,消防工程,消防系统调试,是,空气采样主机,fuzzy_name,72.0,
030909008,030909008,防火门监控系统调试,消防工程,消防系统调试,是,防火门锁,fuzzy_name,77.1,
030909009,030909009,电气火灾监控系统调试,消防工程,消防系统调试,是,电暖气,fuzzy_name,72.0,
030909010,030909010,消防电源监控系统调试,消防工程,消防系统调试,是,消防栓,fuzzy_name,72.0,
030904001,030904001,点型探测器,消防工程,火灾自动报警系统,否,,,,待补全
030904002,030904002,线型探测器,消防工程,火灾自动报警系统,否,,,,待补全
030904003,030904003,按钮,消防工程,火灾自动报警系统,否,,,,待补全
030904004,030904004,声光报警器,消防工程,火灾自动报警系统,是,报警器,partial_match,92.0,
030904005,030904005,消防报警电话插孔(电话),消防工程,火灾自动报警系统,否,,,,待补全
030904006,030904006,消防广播(扬声器),消防工程,火灾自动报警系统,否,,,,待补全
030904007,030904007,消防模块,消防工程,火灾自动报警系统,否,,,,待补全
030904008,030904008,消防模块箱(端子箱、手报箱),消防工程,火灾自动报警系统,否,,,,待补全
030904009,030904009,区域报警控制器,消防工程,火灾自动报警系统,是,报警控制器,partial_match,94.3,
030904010,030904010,楼层火灾显示器,消防工程,火灾自动报警系统,否,,,,待补全
030904011,030904011,远程控制器,消防工程,火灾自动报警系统,否,,,,待补全
030904012,030904012,火灾报警系统控制主机,消防工程,火灾自动报警系统,是,中控主机,fuzzy_name,67.5,
030904013,030904013,联动控制主机,消防工程,火灾自动报警系统,是,中控主机,fuzzy_name,67.5,
030904014,030904014,消防广播及对讲电话主机,消防工程,火灾自动报警系统,否,,,,待补全
030904015,030904015,火灾报警控制微机,消防工程,火灾自动报警系统,是,火灾报警控制器(联动型),fuzzy_name,77.1,
030904016,030904016,备用电源及电池主机,消防工程,火灾自动报警系统,否,,,,待补全
030904017,030904017,报警联动一体机,消防工程,火灾自动报警系统,是,报警器,fuzzy_name,72.0,
030904018,030904018,机柜,消防工程,火灾自动报警系统,否,,,,待补全
030907001,030907001,监控主机,消防工程,电气火灾监控系统,是,中控主机,fuzzy_name,75.0,
030907002,030907002,剩余电流式监控探测器,消防工程,电气火灾监控系统,是,探测器底座,fuzzy_name,67.5,
030907003,030907003,测温式监控探测器,消防工程,电气火灾监控系统,是,测温仪,fuzzy_name,72.0,
030907004,030907004,温度传感器,消防工程,电气火灾监控系统,是,空调系统 风管式温度传感器,partial_match,82.7,
030907005,030907005,隔离器,消防工程,电气火灾监控系统,是,地址模块(自带短路隔离器),partial_match,79.6,
030905001,030905001,吸气式烟雾探测器,消防工程,空气采样探测报警系统,否,,,,待补全
030905002,030905002,空气采样管,消防工程,空气采样探测报警系统,否,,,,待补全
030906001,030906001,防火门监控主机,消防工程,防火门监控报警系统,否,,,,待补全
030906002,030906002,防火门监控器,消防工程,防火门监控报警系统,否,,,,待补全
030906003,030906003,监控模块,消防工程,防火门监控报警系统,是,四联四键控制模块,fuzzy_name,67.5,
030228000,0302280006,重整器,热力设备安装工程,三联供锅炉铺助设备安装,否,,,,待补全
030228001,030228001,燃气发电机,热力设备安装工程,三联供锅炉铺助设备安装,是,发电机,partial_match,92.0,
030228002,030228002,压气机,热力设备安装工程,三联供锅炉铺助设备安装,是,新风换气机,fuzzy_name,72.0,
030228003,030228003,燃烧室,热力设备安装工程,三联供锅炉铺助设备安装,否,,,,待补全
030228004,030228004,吸收式制冷机,热力设备安装工程,三联供锅炉铺助设备安装,否,,,,待补全
030228005,030228005,回热器,热力设备安装工程,三联供锅炉铺助设备安装,是,远置式散热器,fuzzy_name,72.0,
030228007,030228007,气液分离器,热力设备安装工程,三联供锅炉铺助设备安装,否,,,,待补全
030228008,030228008,补燃器,热力设备安装工程,三联供锅炉铺助设备安装,否,,,,待补全
030228009,030228009,水槽(罐),热力设备安装工程,三联供锅炉铺助设备安装,否,,,,待补全
030228010,030228010,阀件,热力设备安装工程,三联供锅炉铺助设备安装,是,管道、管阀件,partial_match,81.7,
030228011,030228011,风门,热力设备安装工程,三联供锅炉铺助设备安装,否,,,,待补全
030215001,030215001,皮带机,热力设备安装工程,上煤设备安装,否,,,,待补全
030215002,030215002,配仓皮带机,热力设备安装工程,上煤设备安装,否,,,,待补全
030215003,030215003,输煤转运站落煤设备,热力设备安装工程,上煤设备安装,否,,,,待补全
030215004,030215004,皮带秤,热力设备安装工程,上煤设备安装,否,,,,待补全
030215005,030215005,机械采样装置及除木器,热力设备安装工程,上煤设备安装,否,,,,待补全
030215006,030215006,电动犁式卸料器,热力设备安装工程,上煤设备安装,否,,,,待补全
030215007,030215007,电动卸料车,热力设备安装工程,上煤设备安装,否,,,,待补全
030215008,030215008,电磁分离器,热力设备安装工程,上煤设备安装,否,,,,待补全
030207001,030207001,扩容器,热力设备安装工程,中(高)压锅炉其他辅助设备安装,否,,,,待补全
030207002,030207002,消音器,热力设备安装工程,中(高)压锅炉其他辅助设备安装,否,,,,待补全
030207003,030207003,暖风器,热力设备安装工程,中(高)压锅炉其他辅助设备安装,否,,,,待补全
030207004,030207004,测粉装置,热力设备安装工程,中(高)压锅炉其他辅助设备安装,否,,,,待补全
030207005,030207005,煤粉分离器,热力设备安装工程,中(高)压锅炉其他辅助设备安装,否,,,,待补全
030205001,030205001,磨煤机,热力设备安装工程,中(高)压锅炉制粉系统安装,否,,,,待补全
030205002,030205002,给煤机,热力设备安装工程,中(高)压锅炉制粉系统安装,否,,,,待补全
030205003,030205003,叶轮给粉机,热力设备安装工程,中(高)压锅炉制粉系统安装,否,,,,待补全
030205004,030205004,螺旋输粉机,热力设备安装工程,中(高)压锅炉制粉系统安装,否,,,,待补全
030201001,030201001,钢炉架,热力设备安装工程,中(高)压锅炉本体设备安装,否,,,,待补全
030201002,030201002,汽包,热力设备安装工程,中(高)压锅炉本体设备安装,否,,,,待补全
030201003,030201003,水冷系统,热力设备安装工程,中(高)压锅炉本体设备安装,否,,,,待补全
030201004,030201004,过热系统,热力设备安装工程,中(高)压锅炉本体设备安装,否,,,,待补全
030201005,030201005,省煤器,热力设备安装工程,中(高)压锅炉本体设备安装,否,,,,待补全
030201006,030201006,管式空气预热器,热力设备安装工程,中(高)压锅炉本体设备安装,否,,,,待补全
030201007,030201007,回转式空气预热器,热力设备安装工程,中(高)压锅炉本体设备安装,否,,,,待补全
030201008,030201008,旋风分离器(循环流化床锅炉),热力设备安装工程,中(高)压锅炉本体设备安装,否,,,,待补全
030201009,030201009,本体管路系统,热力设备安装工程,中(高)压锅炉本体设备安装,否,,,,待补全
030201010,030201010,锅炉本体金属结构,热力设备安装工程,中(高)压锅炉本体设备安装,否,,,,待补全
030201011,030201011,锅炉本体平台扶梯,热力设备安装工程,中(高)压锅炉本体设备安装,否,,,,待补全
030201012,030201012,炉排及燃烧装置,热力设备安装工程,中(高)压锅炉本体设备安装,否,,,,待补全
030201013,030201013,除渣装置,热力设备安装工程,中(高)压锅炉本体设备安装,否,,,,待补全
030201014,030201014,煨制、焊接锅炉基础钢筋,热力设备安装工程,中(高)压锅炉本体设备安装,否,,,,待补全
030202001,030202001,锅炉清洗及试验,热力设备安装工程,中(高)压锅炉清洗及试验,否,,,,待补全
030208001,030208001,敷管式及膜式水冷壁炉墙和框架式炉墙,热力设备安装工程,中(高)压锅炉炉墙砌筑,否,,,,待补全
030208002,030208002,循环流化床锅炉旋风分离器内衬,热力设备安装工程,中(高)压锅炉炉墙砌筑,否,,,,待补全
030208003,030208003,炉墙耐火砖,热力设备安装工程,中(高)压锅炉炉墙砌筑,是,粘土质隔热耐火砖,fuzzy_name,67.5,
030206001,030206001,烟道,热力设备安装工程,中(高)压锅炉烟、风、煤管道安装,否,,,,待补全
030206002,030206002,热风道,热力设备安装工程,中(高)压锅炉烟、风、煤管道安装,否,,,,待补全
030206003,030206003,冷风道,热力设备安装工程,中(高)压锅炉烟、风、煤管道安装,否,,,,待补全
030206004,030206004,制粉管道,热力设备安装工程,中(高)压锅炉烟、风、煤管道安装,否,,,,待补全
030206005,030206005,送粉管道,热力设备安装工程,中(高)压锅炉烟、风、煤管道安装,否,,,,待补全
030206006,030206006,原煤管道,热力设备安装工程,中(高)压锅炉烟、风、煤管道安装,否,,,,待补全
030204001,030204001,除尘器,热力设备安装工程,中(高)压锅炉除尘装置安装,否,,,,待补全
030203001,030203001,送、引风机,热力设备安装工程,中(高)压锅炉风机安装,否,,,,待补全
030203002,030203002,排粉风机,热力设备安装工程,中(高)压锅炉风机安装,是,排风机,fuzzy_name,85.7,
030203003,030203003,石灰石粉输送风机,热力设备安装工程,中(高)压锅炉风机安装,是,送风机,partial_match,87.5,
030203004,030203004,回料(流化)风机,热力设备安装工程,中(高)压锅炉风机安装,是,风机箱,fuzzy_name,72.0,
030225001,030225001,成套整装锅炉,热力设备安装工程,低压锅炉本体设备安装,否,,,,待补全
030225002,030225002,组装锅炉,热力设备安装工程,低压锅炉本体设备安装,否,,,,待补全
030225003,030225003,散装锅炉,热力设备安装工程,低压锅炉本体设备安装,否,,,,待补全
030225006,030225006,齿轮式破碎机,热力设备安装工程,低压锅炉本体设备安装,否,,,,待补全
030226001,030226001,除尘器,热力设备安装工程,低压锅炉附属及辅助设备安装,是,水锤消除器,fuzzy_name,72.0,
030226002,030226002,水处理设备,热力设备安装工程,低压锅炉附属及辅助设备安装,是,臭氧水处理设备,partial_match,89.3,
030226003,030226003,换热器,热力设备安装工程,低压锅炉附属及辅助设备安装,是,换热器,exact_name,100.0,
030226004,030226004,输煤设备(上煤机),热力设备安装工程,低压锅炉附属及辅助设备安装,否,,,,待补全
030226005,030226005,除渣机,热力设备安装工程,低压锅炉附属及辅助设备安装,是,除湿机,fuzzy_name,66.7,
030220001,030220001,凝结水处理设备,热力设备安装工程,凝结水处理系统设备安装,否,,,,待补全
030217001,030217001,反渗透处理系统,热力设备安装工程,化学水预处理系统设备安装,否,,,,待补全
030217002,030217002,凝聚澄清过滤系统,热力设备安装工程,化学水预处理系统设备安装,否,,,,待补全
030212001,030212001,抓斗,热力设备安装工程,卸煤设备安装,否,,,,待补全
030212002,030212002,斗链式卸煤机,热力设备安装工程,卸煤设备安装,否,,,,待补全
030229001,030229001,燃烧炉、灼烧炉,热力设备安装工程,工业炉安装,否,,,,待补全
030229002,030229002,裂解炉,热力设备安装工程,工业炉安装,否,,,,待补全
030229003,030229003,转化炉,热力设备安装工程,工业炉安装,否,,,,待补全
030229004,030229004,化肥装置加热炉,热力设备安装工程,工业炉安装,否,,,,待补全
030229005,030229005,芳烃装置加热炉,热力设备安装工程,工业炉安装,否,,,,待补全
030229006,030229006,炼油厂加热炉,热力设备安装工程,工业炉安装,否,,,,待补全
030229007,030229007,废热锅炉,热力设备安装工程,工业炉安装,否,,,,待补全
030229008,030229008,电弧炼钢炉,热力设备安装工程,工业炉安装,否,,,,待补全
030229009,030229009,无芯工频感应电炉,热力设备安装工程,工业炉安装,是,电炉丝,fuzzy_name,72.0,
030229010,030229010,电阻炉,热力设备安装工程,工业炉安装,是,电炉丝,fuzzy_name,66.7,
030229011,030229011,真空炉,热力设备安装工程,工业炉安装,是,真空隔离闸板阀,fuzzy_name,72.0,
030229012,030229012,高频及中频感应炉,热力设备安装工程,工业炉安装,否,,,,待补全
030229013,030229013,冲天炉,热力设备安装工程,工业炉安装,否,,,,待补全
030229014,030229014,加热炉,热力设备安装工程,工业炉安装,否,,,,待补全
030229015,030229015,热处理炉,热力设备安装工程,工业炉安装,否,,,,待补全
030229016,030229016,解体结构井式热处理炉,热力设备安装工程,工业炉安装,否,,,,待补全
030221001,030221001,循环水处理及加药设备,热力设备安装工程,循环水处理系统设备安装,否,,,,待补全
030216001,030216001,负压风机,热力设备安装工程,气力除灰设备安装,是,混流式消防加压风机,fuzzy_name,77.1,
030216002,030216002,灰斗气化风机(包括气化板),热力设备安装工程,气力除灰设备安装,是,大灰斗,fuzzy_name,72.0,
030216003,030216003,布袋收尘器,热力设备安装工程,气力除灰设备安装,是,吸尘器,fuzzy_name,72.0,
030216004,030216004,袋式排气过滤器,热力设备安装工程,气力除灰设备安装,是,过滤器,partial_match,88.6,
030216005,030216005,加热器,热力设备安装工程,气力除灰设备安装,是,电加热器,partial_match,90.0,
030216006,030216006,回转式给料机,热力设备安装工程,气力除灰设备安装,否,,,,待补全
030216007,030216007,空气斜槽,热力设备安装工程,气力除灰设备安装,否,,,,待补全
030216008,030216008,电动灰斗闸板门,热力设备安装工程,气力除灰设备安装,否,,,,待补全
030216009,030216009,锁气器,热力设备安装工程,气力除灰设备安装,否,,,,待补全
030216010,030216010,灰(渣)仓,热力设备安装工程,气力除灰设备安装,否,,,,待补全
030209001,030209001,汽轮机,热力设备安装工程,汽轮发电机本体安装,否,,,,待补全
030209002,030209002,发电机、励磁机,热力设备安装工程,汽轮发电机本体安装,否,,,,待补全
030209003,030209003,汽轮发电机组空负荷试运,热力设备安装工程,汽轮发电机本体安装,否,,,,待补全
030210001,030210001,凝汽器,热力设备安装工程,汽轮发电机辅助设备安装,否,,,,待补全
030210002,030210002,加热器,热力设备安装工程,汽轮发电机辅助设备安装,否,,,,待补全
030210003,030210003,抽气器,热力设备安装工程,汽轮发电机辅助设备安装,否,,,,待补全
030210004,030210004,油箱和油系统设备,热力设备安装工程,汽轮发电机辅助设备安装,否,,,,待补全
030211001,030211001,除氧器及水箱,热力设备安装工程,汽轮发电机附属设备安装,否,,,,待补全
030211002,030211002,电动给水泵,热力设备安装工程,汽轮发电机附属设备安装,否,,,,待补全
030211003,030211003,循环水泵,热力设备安装工程,汽轮发电机附属设备安装,否,,,,待补全
030211004,030211004,凝结水泵,热力设备安装工程,汽轮发电机附属设备安装,否,,,,待补全
030211005,030211005,机械真空泵,热力设备安装工程,汽轮发电机附属设备安装,否,,,,待补全
030211006,030211006,胶球清洗装置,热力设备安装工程,汽轮发电机附属设备安装,否,,,,待补全
030211007,030211007,减温减压装置,热力设备安装工程,汽轮发电机附属设备安装,是,测压装置,fuzzy_name,77.1,
030211008,030211008,空冷设备,热力设备安装工程,汽轮发电机附属设备安装,否,,,,待补全
030211009,030211009,循环水泵房入口设备,热力设备安装工程,汽轮发电机附属设备安装,是,循环水泵,partial_match,88.9,
030213001,030213001,斗轮堆取料机,热力设备安装工程,煤场设备安装,否,,,,待补全
030213002,030213002,门式滚轮堆取料机,热力设备安装工程,煤场设备安装,否,,,,待补全
030213003,030213003,煤(料)仓,热力设备安装工程,煤场设备安装,否,,,,待补全
030227001,030227001,板框压力式滤油机,热力设备安装工程,燃机余热锅炉铺助设备安装,是,汽油机,fuzzy_name,72.0,
030227002,030227002,锅炉清灰振打装置,热力设备安装工程,燃机余热锅炉铺助设备安装,否,,,,待补全
030227003,030227003,滤气器,热力设备安装工程,燃机余热锅炉铺助设备安装,是,黄铜丝口过滤器,fuzzy_name,72.0,
030227004,030227004,疏水注水器,热力设备安装工程,燃机余热锅炉铺助设备安装,否,,,,待补全
030227005,030227005,补偿器,热力设备安装工程,燃机余热锅炉铺助设备安装,是,波纹补偿器,partial_match,87.0,
030227006,030227006,均压箱,热力设备安装工程,燃机余热锅炉铺助设备安装,是,消声静压箱,fuzzy_name,72.0,
030227007,030227007,双筒过滤器,热力设备安装工程,燃机余热锅炉铺助设备安装,是,过滤器,partial_match,92.0,
030227008,030227008,除灰孔,热力设备安装工程,燃机余热锅炉铺助设备安装,否,,,,待补全
030227010,030227010,氨溶液箱,热力设备安装工程,燃机余热锅炉铺助设备安装,否,,,,待补全
030227011,030227011,汽水分离装置,热力设备安装工程,燃机余热锅炉铺助设备安装,否,,,,待补全
030227012,030227012,其他辅助设备,热力设备安装工程,燃机余热锅炉铺助设备安装,否,,,,待补全
030214001,030214001,反击式碎煤机,热力设备安装工程,碎煤设备安装,否,,,,待补全
030214002,030214002,锤击式破碎机,热力设备安装工程,碎煤设备安装,否,,,,待补全
030214003,030214003,筛分设备,热力设备安装工程,碎煤设备安装,否,,,,待补全
030222001,030222001,给水、炉水校正处理设备,热力设备安装工程,给水、炉水校正处理系统设备安装,否,,,,待补全
030224001,030224001,脱硝反应器,热力设备安装工程,脱硝设备安装,否,,,,待补全
030224002,030224002,催化剂模块,热力设备安装工程,脱硝设备安装,是,模块箱,fuzzy_name,72.0,
030224003,030224003,稀释风机,热力设备安装工程,脱硝设备安装,否,,,,待补全
030224004,030224004,氨气一热空气混合器,热力设备安装工程,脱硝设备安装,否,,,,待补全
030224005,030224005,液氨卸料压缩机组,热力设备安装工程,脱硝设备安装,否,,,,待补全
030224006,030224006,液氨蒸发器,热力设备安装工程,脱硝设备安装,否,,,,待补全
030224007,030224007,其他罐体设备,热力设备安装工程,脱硝设备安装,否,,,,待补全
030223001,030223001,石粉仓,热力设备安装工程,脱硫设备安装,否,,,,待补全
030223002,030223002,吸收塔,热力设备安装工程,脱硫设备安装,否,,,,待补全
030223003,030223003,脱硫附属机械及辅助设备,热力设备安装工程,脱硫设备安装,否,,,,待补全
030230001,030230001,锅炉分系统调试,热力设备安装工程,锅炉系统调试、特殊项目测试和性能验收试验,否,,,,待补全
030230002,030230002,锅炉整套启动调试,热力设备安装工程,锅炉系统调试、特殊项目测试和性能验收试验,否,,,,待补全
030230003,030230003,特殊项日测试和性能验收试验,热力设备安装工程,锅炉系统调试、特殊项目测试和性能验收试验,否,,,,待补全
030218001,030218001,机械过滤系统,热力设备安装工程,锅炉补给水除盐系统设备安装,否,,,,待补全
030218002,030218002,除盐加混床设备,热力设备安装工程,锅炉补给水除盐系统设备安装,否,,,,待补全
030218003,030218003,除二氧化碳和离子交换设备,热力设备安装工程,锅炉补给水除盐系统设备安装,是,二氧化碳气,fuzzy_name,72.0,
030219001,030219001,锅炉防腐蚀保护,热力设备安装工程,锅炉防腐蚀保护,否,,,,待补全
030411001,030411001,电杆组立,电气设备安装工程,10kV及以下架空配电线路,否,,,,待补全
030411002,030411002,铁塔组立,电气设备安装工程,10kV及以下架空配电线路,否,,,,待补全
030411003,030411003,横担组装,电气设备安装工程,10kV及以下架空配电线路,是,槽式桥架及配件,partial_match,90.0,
030411004,030411004,导线,电气设备安装工程,10kV及以下架空配电线路,否,,,,待补全
030411005,030411005,杆上设备,电气设备安装工程,10kV及以下架空配电线路,否,,,,待补全
030405001,030405001,低压电气开关,电气设备安装工程,低压电器设备安装,否,,,,待补全
030405002,030405002,低压熔断器,电气设备安装工程,低压电器设备安装,是,熔断器,partial_match,92.0,
030405003,030405003,限位开关,电气设备安装工程,低压电器设备安装,是,限位开关,exact_name,100.0,
030405004,030405004,控制器,电气设备安装工程,低压电器设备安装,是,控制器,exact_name,100.0,
030405005,030405005,接触器、磁力启动器,电气设备安装工程,低压电器设备安装,是,磁力启动器,partial_match,91.1,
030405006,030405006,Y-△自耦减压启动器,电气设备安装工程,低压电器设备安装,是,启动器,partial_match,86.0,
030405007,030405007,电磁铁(电磁制动器),电气设备安装工程,低压电器设备安装,是,电磁锁,fuzzy_name,72.0,
030405008,030405008,快速自动开关,电气设备安装工程,低压电器设备安装,否,,,,待补全
030405009,030405009,电阻器,电气设备安装工程,低压电器设备安装,是,反时限过流继电器,fuzzy_name,72.0,
030405010,030405010,油浸频敏变阻器,电气设备安装工程,低压电器设备安装,是,接线端子,feature_match,100.0,
030405011,030405011,分流器,电气设备安装工程,低压电器设备安装,是,导线分流器,partial_match,87.0,
030405012,030405012,自动调压器,电气设备安装工程,低压电器设备安装,是,变压器,fuzzy_name,72.0,
030405013,030405013,小电器,电气设备安装工程,低压电器设备安装,是,反时限过流继电器,fuzzy_name,72.0,
030405014,030405014,端子箱,电气设备安装工程,低压电器设备安装,是,端子箱户外,partial_match,87.0,
030405015,030405015,风扇,电气设备安装工程,低压电器设备安装,是,排风扇,partial_match,88.3,
030405016,030405016,充电桩,电气设备安装工程,低压电器设备安装,是,充电式电钻旋具,fuzzy_name,72.0,
030405017,030405017,其他电器,电气设备安装工程,低压电器设备安装,否,,,,待补全
030406001,030406001,蓄电池,电气设备安装工程,光伏组件设备安装,否,,,,待补全
030406002,030406002,EPS、UPS电源,电气设备安装工程,光伏组件设备安装,否,,,,待补全
030406003,030406003,太阳能电池,电气设备安装工程,光伏组件设备安装,否,,,,待补全
030406004,030406004,太阳能控制器安装,电气设备安装工程,光伏组件设备安装,否,,,,待补全
030406005,030406005,光伏成品支架,电气设备安装工程,光伏组件设备安装,否,,,,待补全
030406006,030406006,光伏组件,电气设备安装工程,光伏组件设备安装,否,,,,待补全
030406007,030406007,光伏逆变器,电气设备安装工程,光伏组件设备安装,否,,,,待补全
030406008,030406008,太阳能光导管,电气设备安装工程,光伏组件设备安装,否,,,,待补全
030406009,030406009,光伏方阵联测,电气设备安装工程,光伏组件设备安装,否,,,,待补全
030401001,030401001,油浸变压器,电气设备安装工程,变压器安装,否,,,,待补全
030401002,030401002,干式变压器,电气设备安装工程,变压器安装,否,,,,待补全
030401003,030401003,油浸式消弧线圈,电气设备安装工程,变压器安装,否,,,,待补全
030401004,030401004,干式消弧线圈,电气设备安装工程,变压器安装,否,,,,待补全
030404001,030404001,控制屏,电气设备安装工程,控制、保护、直流装置安装,否,,,,待补全
030404002,030404002,继电、信号屏,电气设备安装工程,控制、保护、直流装置安装,否,,,,待补全
030404003,030404003,模拟屏,电气设备安装工程,控制、保护、直流装置安装,否,,,,待补全
030404004,030404004,配电屏,电气设备安装工程,控制、保护、直流装置安装,否,,,,待补全
030404005,030404005,弱电控制返回屏,电气设备安装工程,控制、保护、直流装置安装,否,,,,待补全
030404006,030404006,高频开关电源,电气设备安装工程,控制、保护、直流装置安装,否,,,,待补全
030404007,030404007,硅整流柜,电气设备安装工程,控制、保护、直流装置安装,否,,,,待补全
030404008,030404008,可控硅柜,电气设备安装工程,控制、保护、直流装置安装,否,,,,待补全
030404009,030404009,自动调节励磁屏,电气设备安装工程,控制、保护、直流装置安装,否,,,,待补全
030404010,030404010,励磁灭磁屏,电气设备安装工程,控制、保护、直流装置安装,否,,,,待补全
030404011,030404011,直流馈电屏,电气设备安装工程,控制、保护、直流装置安装,否,,,,待补全
030404012,030404012,事故照明切换屏,电气设备安装工程,控制、保护、直流装置安装,否,,,,待补全
030404013,030404013,控制台,电气设备安装工程,控制、保护、直流装置安装,是,自定义网络寻呼控制台,partial_match,81.0,
030404014,030404014,控制箱、同期小屏,电气设备安装工程,控制、保护、直流装置安装,是,控制箱,partial_match,87.5,
030403001,030403001,软母线,电气设备安装工程,母线安装,否,,,,待补全
030403002,030403002,矩形母线、引下线,电气设备安装工程,母线安装,否,,,,待补全
030403003,030403003,槽形母线,电气设备安装工程,母线安装,否,,,,待补全
030403004,030403004,管型母线、引下线,电气设备安装工程,母线安装,否,,,,待补全
030403005,030403005,封闭母线,电气设备安装工程,母线安装,是,封闭母线,exact_name,100.0,
030403006,030403006,低压封闭式插接母线槽,电气设备安装工程,母线安装,否,,,,待补全
030403007,030403007,始端箱、分线箱,电气设备安装工程,母线安装,否,,,,待补全
030403008,030403008,重型母线,电气设备安装工程,母线安装,否,,,,待补全
030403009,030403009,母线绝缘热缩管,电气设备安装工程,母线安装,是,热缩管,partial_match,88.6,
030403010,030403010,母线穿墙套管,电气设备安装工程,母线安装,否,,,,待补全
030408001,030408001,滑触线,电气设备安装工程,滑触线装置安装,否,,,,待补全
030408002,030408002,移动软电缆,电气设备安装工程,滑触线装置安装,否,,,,待补全
030408008,030408008,铺砂、盖保护板(砖),电气设备安装工程,滑触线装置安装,否,,,,待补全
030413001,030413001,普通灯具,电气设备安装工程,照明器具安装,否,,,,待补全
030413001,0304130010,小区路灯,电气设备安装工程,照明器具安装,否,,,,待补全
030413002,030413002,装饰灯,电气设备安装工程,照明器具安装,否,,,,待补全
030413003,030413003,荧光灯,电气设备安装工程,照明器具安装,是,荧光灯,exact_name,100.0,
030413004,030413004,嵌入式地灯,电气设备安装工程,照明器具安装,否,,,,待补全
030413005,030413005,工厂灯,电气设备安装工程,照明器具安装,否,,,,待补全
030413006,030413006,高度标志灯、障碍灯,电气设备安装工程,照明器具安装,是,标志灯,partial_match,86.7,
030413007,030413007,医疗专用灯,电气设备安装工程,照明器具安装,否,,,,待补全
030413008,030413008,霓虹灯,电气设备安装工程,照明器具安装,否,,,,待补全
030413009,030413009,霓虹灯控制变压器、控制器,电气设备安装工程,照明器具安装,否,,,,待补全
030413011,030413011,智能灯光控制系统,电气设备安装工程,照明器具安装,否,,,,待补全
030413012,030413012,景观灯,电气设备安装工程,照明器具安装,是,景观休闲座椅,fuzzy_name,72.0,
030413013,030413013,照明开关、按钮,电气设备安装工程,照明器具安装,否,,,,待补全
030413014,030413014,插座,电气设备安装工程,照明器具安装,否,,,,待补全
030413015,030413015,照明系统调试,电气设备安装工程,照明器具安装,是,照明箱,fuzzy_name,72.0,
030413016,030413016,光导管采光装置,电气设备安装工程,照明器具安装,否,,,,待补全
030413017,030413017,采光井照明装置,电气设备安装工程,照明器具安装,否,,,,待补全
030413018,030413018,光纤式阳光导入器,电气设备安装工程,照明器具安装,否,,,,待补全
030407001,030407001,交流发电机,电气设备安装工程,电机检查接线,否,,,,待补全
030407002,030407002,直流发电机,电气设备安装工程,电机检查接线,是,发电机,partial_match,92.0,
030407003,030407003,微型电机,电气设备安装工程,电机检查接线,否,,,,待补全
030407004,030407004,小型电动机,电气设备安装工程,电机检查接线,是,电动机,partial_match,92.0,
030407005,030407005,大中型电动机,电气设备安装工程,电机检查接线,是,电动机,partial_match,90.0,
030407006,030407006,变频机组,电气设备安装工程,电机检查接线,是,接线端子,feature_match,100.0,
030416001,030416001,发电机,电气设备安装工程,电气调整试验,是,发电机,exact_name,100.0,
030416002,030416002,励磁机(柜),电气设备安装工程,电气调整试验,否,,,,待补全
030416003,030416003,发电机主变压器组,电气设备安装工程,电气调整试验,是,变压器,partial_match,87.5,
030416004,030416004,发电机同期系统,电气设备安装工程,电气调整试验,是,发电机,partial_match,88.6,
030416005,030416005,电力变压器系统,电气设备安装工程,电气调整试验,是,变压器,partial_match,88.6,
030416006,030416006,输配电装置系统,电气设备安装工程,电气调整试验,否,,,,待补全
030416007,030416007,母线系统,电气设备安装工程,电气调整试验,否,,,,待补全
030416008,030416008,保护装置,电气设备安装工程,电气调整试验,是,罐体阴极保护装置,partial_match,85.0,
030416009,030416009,自动投入装置,电气设备安装工程,电气调整试验,否,,,,待补全
030416010,030416010,测量与监视系统,电气设备安装工程,电气调整试验,否,,,,待补全
030416011,030416011,保安电源系统,电气设备安装工程,电气调整试验,否,,,,待补全
030416012,030416012,事故照明切换系统,电气设备安装工程,电气调整试验,否,,,,待补全
030416013,030416013,无功补偿装置系统,电气设备安装工程,电气调整试验,否,,,,待补全
030416014,030416014,电除尘器,电气设备安装工程,电气调整试验,是,本安型人体静电消除器,fuzzy_name,67.5,
030416015,030416015,故障滤波系统,电气设备安装工程,电气调整试验,否,,,,待补全
030416016,030416016,硅整流设备、可控硅整流装置,电气设备安装工程,电气调整试验,是,可控硅,partial_match,84.6,
030416017,030416017,电动机负载调试,电气设备安装工程,电气调整试验,是,电动机,partial_match,88.6,
030416018,030416018,10kV及以下开闭所成套装置系统,电气设备安装工程,电气调整试验,否,,,,待补全
030416019,030416019,组合成套箱式变电站系统,电气设备安装工程,电气调整试验,是,变压器,feature_match,100.0,
030416020,030416020,微机监控系统,电气设备安装工程,电气调整试验,是,净化空调中央监控系统,fuzzy_name,72.0,
030416021,030416021,“五防”系统,电气设备安装工程,电气调整试验,否,,,,待补全
030416022,030416022,配电智能系统,电气设备安装工程,电气调整试验,否,,,,待补全
030416023,030416023,整套启动系统,电气设备安装工程,电气调整试验,否,,,,待补全
030416024,030416024,特殊项目,电气设备安装工程,电气调整试验,否,,,,待补全
030416025,030416025,智能防雷预警监控,电气设备安装工程,电气调整试验,否,,,,待补全
030416026,030416026,智能灯光控制系统,电气设备安装工程,电气调整试验,否,,,,待补全
030416027,030416027,接地装置,电气设备安装工程,电气调整试验,是,防爆防腐插接装置,fuzzy_name,77.1,
030416028,030416028,电缆试验,电气设备安装工程,电气调整试验,否,,,,待补全
030416029,030416029,其他项目调试,电气设备安装工程,电气调整试验,否,,,,待补全
030409001,030409001,电力电缆,电气设备安装工程,电缆安装,否,,,,待补全
030409002,030409002,控制电缆,电气设备安装工程,电缆安装,否,,,,待补全
030409003,030409003,电力电缆头,电气设备安装工程,电缆安装,否,,,,待补全
030409004,030409004,电缆中间头,电气设备安装工程,电缆安装,否,,,,待补全
030409005,030409005,控制电缆头,电气设备安装工程,电缆安装,否,,,,待补全
030409006,030409006,电缆保护管,电气设备安装工程,电缆安装,否,,,,待补全
030409007,030409007,阻燃槽盒,电气设备安装工程,电缆安装,否,,,,待补全
030409009,030409009,防火槽、带,电气设备安装工程,电缆安装,否,,,,待补全
030409010,030409010,防火隔板、防火墙,电气设备安装工程,电缆安装,否,,,,待补全
030409011,030409011,防火堵料(包),电气设备安装工程,电缆安装,否,,,,待补全
030409012,030409012,电缆防火涂料,电气设备安装工程,电缆安装,是,防火涂料,partial_match,93.3,
030414001,030414001,起重设备电气装置,电气设备安装工程,起重运输设备电气装置,否,,,,待补全
030402001,030402001,高压开关设备,电气设备安装工程,配电装置安装,否,,,,待补全
030402002,030402002,熔断器,电气设备安装工程,配电装置安装,否,,,,待补全
030402003,030402003,互感器,电气设备安装工程,配电装置安装,否,,,,待补全
030402004,030402004,避雷器,电气设备安装工程,配电装置安装,否,,,,待补全
030402005,030402005,电抗器,电气设备安装工程,配电装置安装,否,,,,待补全
030402006,030402006,电容器,电气设备安装工程,配电装置安装,否,,,,待补全
030402007,030402007,交流滤波装置组架,电气设备安装工程,配电装置安装,否,,,,待补全
030402008,030402008,开闭所成套配电装置,电气设备安装工程,配电装置安装,否,,,,待补全
030402009,030402009,高压开关柜,电气设备安装工程,配电装置安装,否,,,,待补全
030402010,030402010,低压开关柜,电气设备安装工程,配电装置安装,否,,,,待补全
030402011,030402011,成套配电箱,电气设备安装工程,配电装置安装,是,配电箱,partial_match,92.0,
030402012,030402012,预装式变电站,电气设备安装工程,配电装置安装,否,,,,待补全
030402013,030402013,配电智能设备,电气设备安装工程,配电装置安装,否,,,,待补全
030412001,030412001,配管,电气设备安装工程,配管、配线,否,,,,待补全
030412002,030412002,线槽,电气设备安装工程,配管、配线,否,,,,待补全
030412003,030412003,桥架,电气设备安装工程,配管、配线,否,,,,待补全
030412004,030412004,配线,电气设备安装工程,配管、配线,否,,,,待补全
030412005,030412005,接线箱,电气设备安装工程,配管、配线,否,,,,待补全
030412006,030412006,接线盒,电气设备安装工程,配管、配线,否,,,,待补全
030412007,030412007,连接短管,电气设备安装工程,配管、配线,是,防爆挠性连接管,fuzzy_name,77.1,
030410001,030410001,接地极,电气设备安装工程,防雷及接地装置,是,锌包钢接地极,partial_match,85.0,
030410002,030410002,接地母线,电气设备安装工程,防雷及接地装置,是,接地母线,exact_name,100.0,
030410003,030410003,引下线,电气设备安装工程,防雷及接地装置,否,,,,待补全
030410004,030410004,均压环,电气设备安装工程,防雷及接地装置,是,压环式直通终端接头,fuzzy_name,72.0,
030410005,030410005,接闪带,电气设备安装工程,防雷及接地装置,否,,,,待补全
030410006,030410006,接闪杆,电气设备安装工程,防雷及接地装置,否,,,,待补全
030410007,030410007,等电位端子箱、测试板,电气设备安装工程,防雷及接地装置,是,等电位箱,fuzzy_name,77.1,
030410008,030410008,绝缘垫,电气设备安装工程,防雷及接地装置,是,绝缘垫,exact_name,100.0,
030410009,030410009,智能防雷装置,电气设备安装工程,防雷及接地装置,是,防爆装置,fuzzy_name,67.5,
030410010,030410010,降阻剂,电气设备安装工程,防雷及接地装置,是,阻锈剂,fuzzy_name,66.7,
030410011,030410011,接地跨接,电气设备安装工程,防雷及接地装置,否,,,,待补全
030410012,030410012,防雷断接卡、箱,电气设备安装工程,防雷及接地装置,否,,,,待补全
030415001,030415001,穿墙板,电气设备安装工程,附属工程,是,ALC加气墙板,fuzzy_name,72.0,
030415002,030415002,金属围网、金属网门,电气设备安装工程,附属工程,否,,,,待补全
031004001,031004001,铸铁散热器,给排水、采暖、燃气工程,供暖器具,是,铸铁散热器拉条,partial_match,89.3,
031004002,031004002,钢制散热器,给排水、采暖、燃气工程,供暖器具,是,钢制板式散热器,fuzzy_name,83.3,
031004003,031004003,其他成品散热器,给排水、采暖、燃气工程,供暖器具,否,,,,待补全
031004004,031004004,光排管散热器,给排水、采暖、燃气工程,供暖器具,否,,,,待补全
031004005,031004005,暖风机,给排水、采暖、燃气工程,供暖器具,是,暖风机,exact_name,100.0,
031004006,031004006,地板辐射采暖,给排水、采暖、燃气工程,供暖器具,否,,,,待补全
031004007,031004007,热媒集配装置,给排水、采暖、燃气工程,供暖器具,否,,,,待补全
031004008,031004008,集气罐,给排水、采暖、燃气工程,供暖器具,否,,,,待补全
031004009,031004009,采暖入口装置,给排水、采暖、燃气工程,供暖器具,否,,,,待补全
031007001,031007001,制氧机,给排水、采暖、燃气工程,医疗气体设备及附件,否,,,,待补全
031007002,031007002,液氧罐,给排水、采暖、燃气工程,医疗气体设备及附件,否,,,,待补全
031007003,031007003,二级稳压箱,给排水、采暖、燃气工程,医疗气体设备及附件,否,,,,待补全
031007004,031007004,气体汇流排,给排水、采暖、燃气工程,医疗气体设备及附件,否,,,,待补全
031007005,031007005,集污罐,给排水、采暖、燃气工程,医疗气体设备及附件,否,,,,待补全
031007006,031007006,刷手池,给排水、采暖、燃气工程,医疗气体设备及附件,否,,,,待补全
031007007,031007007,医用真空罐,给排水、采暖、燃气工程,医疗气体设备及附件,否,,,,待补全
031007008,031007008,汽水分离器,给排水、采暖、燃气工程,医疗气体设备及附件,否,,,,待补全
031007009,031007009,干燥机,给排水、采暖、燃气工程,医疗气体设备及附件,是,再生干燥机,partial_match,87.0,
031007010,031007010,储气罐,给排水、采暖、燃气工程,医疗气体设备及附件,是,储气罐,exact_name,100.0,
031007011,031007011,空气过滤器,给排水、采暖、燃气工程,医疗气体设备及附件,是,过滤器,partial_match,92.0,
031007012,031007012,集水器,给排水、采暖、燃气工程,医疗气体设备及附件,是,集水器,exact_name,100.0,
031007013,031007013,医用设备带,给排水、采暖、燃气工程,医疗气体设备及附件,否,,,,待补全
031007014,031007014,气体终端,给排水、采暖、燃气工程,医疗气体设备及附件,否,,,,待补全
031003001,031003001,浴缸,给排水、采暖、燃气工程,卫生器具,否,,,,待补全
031003002,031003002,净身盆,给排水、采暖、燃气工程,卫生器具,否,,,,待补全
031003003,031003003,洗脸盆,给排水、采暖、燃气工程,卫生器具,是,洗脸盆,exact_name,100.0,
031003004,031003004,洗涤盆,给排水、采暖、燃气工程,卫生器具,是,洗涤盆,exact_name,100.0,
031003005,031003005,化验盆,给排水、采暖、燃气工程,卫生器具,否,,,,待补全
031003006,031003006,大便器,给排水、采暖、燃气工程,卫生器具,否,,,,待补全
031003007,031003007,小便器,给排水、采暖、燃气工程,卫生器具,否,,,,待补全
031003008,031003008,其他成品卫生器具,给排水、采暖、燃气工程,卫生器具,否,,,,待补全
031003009,031003009,烘手器,给排水、采暖、燃气工程,卫生器具,否,,,,待补全
031003010,031003010,淋浴器,给排水、采暖、燃气工程,卫生器具,是,淋浴器,exact_name,100.0,
031003011,031003011,淋浴间,给排水、采暖、燃气工程,卫生器具,是,淋浴间玻璃门大拉手,partial_match,81.7,
031003012,031003012,桑拿浴房,给排水、采暖、燃气工程,卫生器具,否,,,,待补全
031003013,031003013,大、小便槽自动冲洗水箱,给排水、采暖、燃气工程,卫生器具,否,,,,待补全
031003014,031003014,给、排水附件,给排水、采暖、燃气工程,卫生器具,否,,,,待补全
031003015,031003015,小便槽冲洗管,给排水、采暖、燃气工程,卫生器具,否,,,,待补全
031003016,031003016,蒸汽-水加热器,给排水、采暖、燃气工程,卫生器具,否,,,,待补全
031003017,031003017,冷热水混合器,给排水、采暖、燃气工程,卫生器具,否,,,,待补全
031003018,031003018,饮水器,给排水、采暖、燃气工程,卫生器具,否,,,,待补全
031003019,031003019,隔油器,给排水、采暖、燃气工程,卫生器具,是,自动刮油隔油器,partial_match,83.6,
031006001,031006001,燃气开水炉,给排水、采暖、燃气工程,燃气器具及其他,是,开水炉,partial_match,92.0,
031006002,031006002,燃气采暖炉,给排水、采暖、燃气工程,燃气器具及其他,否,,,,待补全
031006003,031006003,燃气沸水器、消毒器,给排水、采暖、燃气工程,燃气器具及其他,是,自动消毒器,fuzzy_name,67.5,
031006004,031006004,燃气热水器,给排水、采暖、燃气工程,燃气器具及其他,是,热水器,partial_match,92.0,
031006005,031006005,燃气表,给排水、采暖、燃气工程,燃气器具及其他,是,燃气计量表,fuzzy_name,75.0,
031006006,031006006,燃气灶具,给排水、采暖、燃气工程,燃气器具及其他,否,,,,待补全
031006007,031006007,气嘴,给排水、采暖、燃气工程,燃气器具及其他,否,,,,待补全
031006008,031006008,调压器,给排水、采暖、燃气工程,燃气器具及其他,否,,,,待补全
031006009,031006009,燃气凝水器、缸,给排水、采暖、燃气工程,燃气器具及其他,否,,,,待补全
031006010,031006010,燃气管道调长器,给排水、采暖、燃气工程,燃气器具及其他,否,,,,待补全
031006011,031006011,调压箱、调压装置,给排水、采暖、燃气工程,燃气器具及其他,是,测压装置,fuzzy_name,77.1,
031006012,031006012,引入口保护罩,给排水、采暖、燃气工程,燃气器具及其他,否,,,,待补全
031002001,031002001,金属阀门,给排水、采暖、燃气工程,管道附件,否,,,,待补全
031002002,031002002,带短管甲乙阀门,给排水、采暖、燃气工程,管道附件,否,,,,待补全
031002003,031002003,塑料阀门,给排水、采暖、燃气工程,管道附件,否,,,,待补全
031002004,031002004,减压器,给排水、采暖、燃气工程,管道附件,否,,,,待补全
031002005,031002005,疏水器,给排水、采暖、燃气工程,管道附件,是,法兰疏水器,partial_match,87.0,
031002006,031002006,除污器(过滤器),给排水、采暖、燃气工程,管道附件,是,过滤器,partial_match,87.5,
031002007,031002007,补偿器,给排水、采暖、燃气工程,管道附件,是,波纹补偿器,partial_match,87.0,
031002008,031002008,软接头(软管),给排水、采暖、燃气工程,管道附件,是,软接头,partial_match,88.6,
031002009,031002009,法兰,给排水、采暖、燃气工程,管道附件,否,,,,待补全
031002010,031002010,倒流防止器,给排水、采暖、燃气工程,管道附件,是,倒流防止器,exact_name,100.0,
031002011,031002011,水表,给排水、采暖、燃气工程,管道附件,否,,,,待补全
031002012,031002012,热量表,给排水、采暖、燃气工程,管道附件,是,热量表,exact_name,100.0,
031002013,031002013,塑料排水管消声器,给排水、采暖、燃气工程,管道附件,是,消声器,partial_match,87.5,
031002014,031002014,浮标液面计,给排水、采暖、燃气工程,管道附件,是,浮标液面计,exact_name,100.0,
031002015,031002015,浮漂水位标尺,给排水、采暖、燃气工程,管道附件,否,,,,待补全
031002016,031002016,水锤消除器,给排水、采暖、燃气工程,管道附件,是,水锤消除器,exact_name,100.0,
031002017,031002017,成品表箱,给排水、采暖、燃气工程,管道附件,否,,,,待补全
031001001,031001001,铸铁管,给排水、采暖、燃气工程,给排水、采暖、燃气管道,否,,,,待补全
031001002,031001002,镀锌钢管,给排水、采暖、燃气工程,给排水、采暖、燃气管道,是,镀锌钢管,exact_name,100.0,
031001003,031001003,无缝钢管,给排水、采暖、燃气工程,给排水、采暖、燃气管道,否,,,,待补全
031001004,031001004,焊接钢管,给排水、采暖、燃气工程,给排水、采暖、燃气管道,否,,,,待补全
031001005,031001005,铜管,给排水、采暖、燃气工程,给排水、采暖、燃气管道,否,,,,待补全
031001006,031001006,不锈钢管,给排水、采暖、燃气工程,给排水、采暖、燃气管道,否,,,,待补全
031001007,031001007,复合管,给排水、采暖、燃气工程,给排水、采暖、燃气管道,否,,,,待补全
031001008,031001008,塑料管,给排水、采暖、燃气工程,给排水、采暖、燃气管道,否,,,,待补全
031001009,031001009,成品地沟,给排水、采暖、燃气工程,给排水、采暖、燃气管道,否,,,,待补全
031001010,031001010,室外管道碰头,给排水、采暖、燃气工程,给排水、采暖、燃气管道,否,,,,待补全
031001011,031001011,阻火圈,给排水、采暖、燃气工程,给排水、采暖、燃气管道,是,阻火圈,exact_name,100.0,
031001012,031001012,止水节,给排水、采暖、燃气工程,给排水、采暖、燃气管道,否,,,,待补全
031008001,031008001,采暖工程系统调试,给排水、采暖、燃气工程,采暖、空调水工程系统调试,是,地采暖,fuzzy_name,72.0,
031008002,031008002,空调水工程系统调试,给排水、采暖、燃气工程,采暖、空调水工程系统调试,否,,,,待补全
031005001,031005001,变频给水设备,给排水、采暖、燃气工程,采暖、给排水设备,否,,,,待补全
031005002,031005002,稳压给水设备,给排水、采暖、燃气工程,采暖、给排水设备,否,,,,待补全
031005003,031005003,无负压给水设备,给排水、采暖、燃气工程,采暖、给排水设备,否,,,,待补全
031005004,031005004,气压罐,给排水、采暖、燃气工程,采暖、给排水设备,否,,,,待补全
031005005,031005005,太阳能集热装置,给排水、采暖、燃气工程,采暖、给排水设备,否,,,,待补全
031005006,031005006,地源(水源、气源)热泵机组,给排水、采暖、燃气工程,采暖、给排水设备,否,,,,待补全
031005007,031005007,除砂器,给排水、采暖、燃气工程,采暖、给排水设备,否,,,,待补全
031005008,031005008,水处理器,给排水、采暖、燃气工程,采暖、给排水设备,否,,,,待补全
031005009,031005009,超声波灭藻设备,给排水、采暖、燃气工程,采暖、给排水设备,否,,,,待补全
031005010,031005010,水箱自洁器,给排水、采暖、燃气工程,采暖、给排水设备,是,水箱自洁器,exact_name,100.0,
031005011,031005011,水质净化器,给排水、采暖、燃气工程,采暖、给排水设备,否,,,,待补全
031005012,031005012,紫外线杀菌设备,给排水、采暖、燃气工程,采暖、给排水设备,是,紫外线杀菌灯,fuzzy_name,76.9,
031005013,031005013,热水器、开水炉,给排水、采暖、燃气工程,采暖、给排水设备,是,热水器,partial_match,88.6,
031005014,031005014,消毒器、消毒锅,给排水、采暖、燃气工程,采暖、给排水设备,是,消毒液,fuzzy_name,72.0,
031005015,031005015,直饮水设备,给排水、采暖、燃气工程,采暖、给排水设备,否,,,,待补全
031005016,031005016,水箱,给排水、采暖、燃气工程,采暖、给排水设备,否,,,,待补全
031005017,031005017,地源热泵集(分)水器,给排水、采暖、燃气工程,采暖、给排水设备,是,热水器,fuzzy_name,72.0,
031005018,031005018,地源热泵系统地埋管,给排水、采暖、燃气工程,采暖、给排水设备,是,预埋管,fuzzy_name,72.0,
030606001,030606001,检测回路模拟试验,自动化控制仪表安装工程,仪表回路模拟试验,否,,,,待补全
030606002,030606002,调节回路模拟试验,自动化控制仪表安装工程,仪表回路模拟试验,否,,,,待补全
030606003,030606003,报警联锁回路模拟试验,自动化控制仪表安装工程,仪表回路模拟试验,否,,,,待补全
030606004,030606004,工业计算机系统回路模拟试验,自动化控制仪表安装工程,仪表回路模拟试验,否,,,,待补全
030610001,030610001,盘、箱、柜,自动化控制仪表安装工程,仪表盘、箱、柜及附件安装,否,,,,待补全
030610002,030610002,盘柜附件、元件,自动化控制仪表安装工程,仪表盘、箱、柜及附件安装,否,,,,待补全
030609001,030609001,钢管,自动化控制仪表安装工程,仪表管路敷设,否,,,,待补全
030609002,030609002,不锈钢管,自动化控制仪表安装工程,仪表管路敷设,否,,,,待补全
030609003,030609003,有色金属管,自动化控制仪表安装工程,仪表管路敷设,否,,,,待补全
030609004,030609004,非金属管,自动化控制仪表安装工程,仪表管路敷设,否,,,,待补全
030609005,030609005,管缆,自动化控制仪表安装工程,仪表管路敷设,否,,,,待补全
030609006,030609006,电伴热电缆,自动化控制仪表安装工程,仪表管路敷设,否,,,,待补全
030611001,030611001,仪表阀门,自动化控制仪表安装工程,仪表附件安装,否,,,,待补全
030611002,030611002,仪表附件,自动化控制仪表安装工程,仪表附件安装,否,,,,待补全
030608001,030608001,工业计算机柜、台设备,自动化控制仪表安装工程,工业计算机安装与调试,否,,,,待补全
030608002,030608002,工业计算机外部设备,自动化控制仪表安装工程,工业计算机安装与调试,否,,,,待补全
030608003,030608003,工业计算机系统硬件,自动化控制仪表安装工程,工业计算机安装与调试,是,工业盐,fuzzy_name,72.0,
030608004,030608004,组件(卡件),自动化控制仪表安装工程,工业计算机安装与调试,否,,,,待补全
030608005,030608005,过程控制管理计算机,自动化控制仪表安装工程,工业计算机安装与调试,否,,,,待补全
030608006,030608006,生产、经营管理计算机,自动化控制仪表安装工程,工业计算机安装与调试,否,,,,待补全
030608007,030608007,现场总线,自动化控制仪表安装工程,工业计算机安装与调试,否,,,,待补全
030608008,030608008,专用线缆,自动化控制仪表安装工程,工业计算机安装与调试,否,,,,待补全
030608009,030608009,线缆头,自动化控制仪表安装工程,工业计算机安装与调试,否,,,,待补全
030608010,030608010,在线回路试验,自动化控制仪表安装工程,工业计算机安装与调试,否,,,,待补全
030608011,030608011,网络系统及设备联调,自动化控制仪表安装工程,工业计算机安装与调试,是,网络线,fuzzy_name,72.0,
030608012,030608012,SCADA系统调试,自动化控制仪表安装工程,工业计算机安装与调试,否,,,,待补全
030608013,030608013,DCS系统调试,自动化控制仪表安装工程,工业计算机安装与调试,否,,,,待补全
030608014,030608014,PLC系统调试,自动化控制仪表安装工程,工业计算机安装与调试,否,,,,待补全
030608015,030608015,ESD/SIS系统调试,自动化控制仪表安装工程,工业计算机安装与调试,是,系统试压及调试,fuzzy_name,65.5,
030608016,030608016,RTU系统调试,自动化控制仪表安装工程,工业计算机安装与调试,否,,,,待补全
030608017,030608017,与其他系统数据传递调试,自动化控制仪表安装工程,工业计算机安装与调试,否,,,,待补全
030607001,030607001,扩音对讲话站,自动化控制仪表安装工程,工厂对讲系统,否,,,,待补全
030607002,030607002,扩音对讲话机,自动化控制仪表安装工程,工厂对讲系统,否,,,,待补全
030607003,030607003,扩音设备,自动化控制仪表安装工程,工厂对讲系统,否,,,,待补全
030607004,030607004,自动指令呼叫系统,自动化控制仪表安装工程,工厂对讲系统,否,,,,待补全
030607005,030607005,载波电话,自动化控制仪表安装工程,工厂对讲系统,否,,,,待补全
030607006,030607006,扩音对讲系统调试,自动化控制仪表安装工程,工厂对讲系统,否,,,,待补全
030603001,030603001,执行机构,自动化控制仪表安装工程,执行仪表,否,,,,待补全
030603002,030603002,调节阀,自动化控制仪表安装工程,执行仪表,否,,,,待补全
030603003,030603003,自力式调节阀,自动化控制仪表安装工程,执行仪表,否,,,,待补全
030602001,030602001,显示仪表,自动化控制仪表安装工程,显示及调节控制仪表,否,,,,待补全
030602002,030602002,调节仪表,自动化控制仪表安装工程,显示及调节控制仪表,否,,,,待补全
030602003,030602003,转换仪表,自动化控制仪表安装工程,显示及调节控制仪表,否,,,,待补全
030602004,030602004,可编程仪表,自动化控制仪表安装工程,显示及调节控制仪表,否,,,,待补全
030602005,030602005,基地式调节仪表,自动化控制仪表安装工程,显示及调节控制仪表,是,防爆挠性管,feature_match,90.0,
030602006,030602006,辅助单元仪表,自动化控制仪表安装工程,显示及调节控制仪表,否,,,,待补全
030602007,030602007,盘装仪表,自动化控制仪表安装工程,显示及调节控制仪表,否,,,,待补全
030605001,030605001,过程分析仪表,自动化控制仪表安装工程,过程分析和物性检测仪表,否,,,,待补全
030605002,030605002,物性检测仪表,自动化控制仪表安装工程,过程分析和物性检测仪表,否,,,,待补全
030605003,030605003,特殊预处理装置,自动化控制仪表安装工程,过程分析和物性检测仪表,否,,,,待补全
030605004,030605004,分析柜、室,自动化控制仪表安装工程,过程分析和物性检测仪表,否,,,,待补全
030601001,030601001,温度仪表,自动化控制仪表安装工程,过程检测仪表,否,,,,待补全
030601002,030601002,压力仪表,自动化控制仪表安装工程,过程检测仪表,否,,,,待补全
030601003,030601003,变送单元仪表,自动化控制仪表安装工程,过程检测仪表,否,,,,待补全
030601004,030601004,流量仪表,自动化控制仪表安装工程,过程检测仪表,否,,,,待补全
030601005,030601005,物位检测仪表,自动化控制仪表安装工程,过程检测仪表,否,,,,待补全
030604001,030604001,测厚测宽及金属检测装置,自动化控制仪表安装工程,集中检测、监控装置,否,,,,待补全
030604002,030604002,旋转机械检测仪表,自动化控制仪表安装工程,集中检测、监控装置,是,防爆挠性管,feature_match,90.0,
030604003,030604003,称重及皮带跑偏检测装置,自动化控制仪表安装工程,集中检测、监控装置,否,,,,待补全
030604004,030604004,安全监测装置,自动化控制仪表安装工程,集中检测、监控装置,是,测压装置,fuzzy_name,77.1,
030604005,030604005,远动装置,自动化控制仪表安装工程,集中检测、监控装置,是,升降传动装置,fuzzy_name,77.1,
030604006,030604006,顺序控制装置,自动化控制仪表安装工程,集中检测、监控装置,否,,,,待补全
030604007,030604007,信号报警装置,自动化控制仪表安装工程,集中检测、监控装置,是,信号阀,fuzzy_name,72.0,
030604008,030604008,信号报警装置柜、箱,自动化控制仪表安装工程,集中检测、监控装置,是,信号阀,fuzzy_name,72.0,
030604009,030604009,数据采集及巡回检测报警装置,自动化控制仪表安装工程,集中检测、监控装置,是,声光报警装置,fuzzy_name,72.0,
030604010,030604010,气象环保检测仪表,自动化控制仪表安装工程,集中检测、监控装置,是,电焊机保护箱,feature_match,90.0,
031102001,031102001,全向天线、定向天线,通信设备及线路工程,无线通信设备,否,,,,待补全
031102002,031102002,室内天线,通信设备及线路工程,无线通信设备,否,,,,待补全
031102003,031102003,卫星全球定位系统(GPS)天线,通信设备及线路工程,无线通信设备,否,,,,待补全
031102004,031102004,移动通信馈线,通信设备及线路工程,无线通信设备,否,,,,待补全
031102005,031102005,移动通信馈线,通信设备及线路工程,无线通信设备,否,,,,待补全
031102006,031102006,天、馈线附属设备,通信设备及线路工程,无线通信设备,否,,,,待补全
031102007,031102007,馈线密封窗,通信设备及线路工程,无线通信设备,否,,,,待补全
031102008,031102008,宏基站天、馈线系统调测,通信设备及线路工程,无线通信设备,否,,,,待补全
031102009,031102009,室内分布式天、馈线系统调测,通信设备及线路工程,无线通信设备,否,,,,待补全
031102010,031102010,泄漏式电缆调测,通信设备及线路工程,无线通信设备,否,,,,待补全
031102011,031102011,基站设备,通信设备及线路工程,无线通信设备,否,,,,待补全
031102012,031102012,直放站设备,通信设备及线路工程,无线通信设备,否,,,,待补全
031102013,031102013,设备板件,通信设备及线路工程,无线通信设备,否,,,,待补全
031102014,031102014,2G基站系统调测,通信设备及线路工程,无线通信设备,否,,,,待补全
031102015,031102015,3G基站系统调测,通信设备及线路工程,无线通信设备,否,,,,待补全
031102016,031102016,LTE/4G基站系统调测,通信设备及线路工程,无线通信设备,否,,,,待补全
031102017,031102017,5G基站系统调测,通信设备及线路工程,无线通信设备,否,,,,待补全
031102018,031102018,操作维护中心设备(OMCR),通信设备及线路工程,无线通信设备,否,,,,待补全
031102019,031102019,基站控制器、编码器,通信设备及线路工程,无线通信设备,否,,,,待补全
031102020,031102020,分组控制单元,通信设备及线路工程,无线通信设备,否,,,,待补全
031102021,031102021,2G基站联网调测,通信设备及线路工程,无线通信设备,否,,,,待补全
031102022,031102022,3G基站联网调测,通信设备及线路工程,无线通信设备,否,,,,待补全
031102023,031102023,LTE/4G基站联网调测,通信设备及线路工程,无线通信设备,否,,,,待补全
031102024,031102024,5G基站联网调测,通信设备及线路工程,无线通信设备,否,,,,待补全
031102025,031102025,配合基站割接、开通,通信设备及线路工程,无线通信设备,否,,,,待补全
031102026,031102026,微波抛物面天线,通信设备及线路工程,无线通信设备,否,,,,待补全
031102027,031102027,微波馈线,通信设备及线路工程,无线通信设备,否,,,,待补全
031102028,031102028,分路系统,通信设备及线路工程,无线通信设备,否,,,,待补全
031102029,031102029,数字微波设备,通信设备及线路工程,无线通信设备,否,,,,待补全
031102030,031102030,监控设备,通信设备及线路工程,无线通信设备,否,,,,待补全
031101001,031101001,机架(柜)、机箱,通信设备及线路工程,有线通信设备,是,风机箱,fuzzy_name,72.0,
031101002,031101002,总配线架,通信设备及线路工程,有线通信设备,否,,,,待补全
031101003,031101003,保安排、试线排,通信设备及线路工程,有线通信设备,否,,,,待补全
031101004,031101004,数字分配架、光分配架,通信设备及线路工程,有线通信设备,否,,,,待补全
031101005,031101005,保安配线箱,通信设备及线路工程,有线通信设备,否,,,,待补全
031101006,031101006,列架、机台、事故照明,通信设备及线路工程,有线通信设备,否,,,,待补全
031101007,031101007,机房信号灯盘,通信设备及线路工程,有线通信设备,否,,,,待补全
031101008,031101008,交换设备,通信设备及线路工程,有线通信设备,否,,,,待补全
031101009,031101009,用户集线器(SLC)设备,通信设备及线路工程,有线通信设备,否,,,,待补全
031101010,031101010,告警设备,通信设备及线路工程,有线通信设备,否,,,,待补全
031101011,031101011,交换设备电路板,通信设备及线路工程,有线通信设备,否,,,,待补全
031101012,031101012,测量台、业务台,通信设备及线路工程,有线通信设备,是,服务台,fuzzy_name,72.0,
031101013,031101013,交换设备硬件调测,通信设备及线路工程,有线通信设备,是,交换机,fuzzy_name,72.0,
031101014,031101014,交换设备软件调测,通信设备及线路工程,有线通信设备,否,,,,待补全
031101015,031101015,操作维护中心设备,通信设备及线路工程,有线通信设备,否,,,,待补全
031101016,031101016,智能网设备,通信设备及线路工程,有线通信设备,是,网络设备,fuzzy_name,66.7,
031101017,031101017,信令网设备,通信设备及线路工程,有线通信设备,是,网络设备,fuzzy_name,66.7,
031101018,031101018,传输设备,通信设备及线路工程,有线通信设备,否,,,,待补全
031101019,031101019,单波道光放大器,通信设备及线路工程,有线通信设备,否,,,,待补全
031101020,031101020,光电转换模块,通信设备及线路工程,有线通信设备,是,光/电模块,fuzzy_name,72.7,
031101021,031101021,DXC设备连通测试,通信设备及线路工程,有线通信设备,否,,,,待补全
031101022,031101022,PCM设备,通信设备及线路工程,有线通信设备,否,,,,待补全
031101023,031101023,波分复用设备,通信设备及线路工程,有线通信设备,否,,,,待补全
031101024,031101024,光分插复用器(OADM),通信设备及线路工程,有线通信设备,否,,,,待补全
031101025,031101025,光波长转换器(OTU),通信设备及线路工程,有线通信设备,否,,,,待补全
031101026,031101026,光线路放大器(OLA),通信设备及线路工程,有线通信设备,否,,,,待补全
031101027,031101027,再生中继架,通信设备及线路工程,有线通信设备,否,,,,待补全
031101028,031101028,远供电源架,通信设备及线路工程,有线通信设备,否,,,,待补全
031101029,031101029,网络管理系统,通信设备及线路工程,有线通信设备,否,,,,待补全
031101030,031101030,数字公务系统运行试验,通信设备及线路工程,有线通信设备,否,,,,待补全
031103001,031103001,水泥管道,通信设备及线路工程,通信线路,否,,,,待补全
031103002,031103002,小口径塑料管道,通信设备及线路工程,通信线路,否,,,,待补全
031103003,031103003,通信光(电)缆通道,通信设备及线路工程,通信线路,否,,,,待补全
031103004,031103004,地下定向钻孔敷管,通信设备及线路工程,通信线路,否,,,,待补全
031103005,031103005,电杆附属装置,通信设备及线路工程,通信线路,否,,,,待补全
031103006,031103006,人工敷设塑料子管,通信设备及线路工程,通信线路,否,,,,待补全
031103007,031103007,架空吊线,通信设备及线路工程,通信线路,否,,,,待补全
031103008,031103008,光缆,通信设备及线路工程,通信线路,否,,,,待补全
031103009,031103009,电缆,通信设备及线路工程,通信线路,否,,,,待补全
031103010,031103010,光缆接续,通信设备及线路工程,通信线路,否,,,,待补全
031103011,031103011,光缆成端接头,通信设备及线路工程,通信线路,否,,,,待补全
031103012,031103012,光缆中继段测试,通信设备及线路工程,通信线路,否,,,,待补全
031103013,031103013,用户光缆测试,通信设备及线路工程,通信线路,否,,,,待补全
031103014,031103014,光纤链路测试,通信设备及线路工程,通信线路,否,,,,待补全
031103015,031103015,电缆芯线接续、改接,通信设备及线路工程,通信线路,否,,,,待补全
031103016,031103016,堵塞成端套管,通信设备及线路工程,通信线路,否,,,,待补全
031103017,031103017,充油膏套管接续,通信设备及线路工程,通信线路,否,,,,待补全
031103018,031103018,封焊热可缩套(包)管,通信设备及线路工程,通信线路,否,,,,待补全
031103019,031103019,包式塑料电缆套管,通信设备及线路工程,通信线路,否,,,,待补全
031103020,031103020,热可缩套管气闭头,通信设备及线路工程,通信线路,否,,,,待补全
031103021,031103021,电缆全程测试,通信设备及线路工程,通信线路,否,,,,待补全
031103022,031103022,进线室承托铁架,通信设备及线路工程,通信线路,是,进线柜,fuzzy_name,72.0,
031103023,031103023,托架,通信设备及线路工程,通信线路,否,,,,待补全
031103024,031103024,固定光缆盘,通信设备及线路工程,通信线路,否,,,,待补全
031103025,031103025,交接箱,通信设备及线路工程,通信线路,否,,,,待补全
031103026,031103026,配线箱,通信设备及线路工程,通信线路,是,二级分配箱,fuzzy_name,72.0,
031103027,031103027,光分路器,通信设备及线路工程,通信线路,否,,,,待补全
031103028,031103028,终端盒、过线盒,通信设备及线路工程,通信线路,是,接线盒,fuzzy_name,72.0,
031103029,031103029,充气设备,通信设备及线路工程,通信线路,否,,,,待补全
031103030,031103030,电缆全程充气,通信设备及线路工程,通信线路,否,,,,待补全
030704001,030704001,通风工程检测、调试,通风空调工程,通风工程检测、调试、试验,否,,,,待补全
030704002,030704002,人防通风气密性试验,通风空调工程,通风工程检测、调试、试验,否,,,,待补全
030701001,030701001,空气加热器(冷却器),通风空调工程,通风空调设备及部件制作安装,否,,,,待补全
030701002,030701002,除尘设备,通风空调工程,通风空调设备及部件制作安装,否,,,,待补全
030701003,030701003,空调器,通风空调工程,通风空调设备及部件制作安装,否,,,,待补全
030701004,030701004,风机盘管,通风空调工程,通风空调设备及部件制作安装,否,,,,待补全
030701005,030701005,表冷器,通风空调工程,通风空调设备及部件制作安装,否,,,,待补全
030701006,030701006,密闭门,通风空调工程,通风空调设备及部件制作安装,否,,,,待补全
030701007,030701007,挡水板,通风空调工程,通风空调设备及部件制作安装,否,,,,待补全
030701008,030701008,滤水器、溢水盘,通风空调工程,通风空调设备及部件制作安装,否,,,,待补全
030701009,030701009,金属壳体,通风空调工程,通风空调设备及部件制作安装,否,,,,待补全
030701010,030701010,过滤器,通风空调工程,通风空调设备及部件制作安装,否,,,,待补全
030701011,030701011,净化工作台,通风空调工程,通风空调设备及部件制作安装,否,,,,待补全
030701012,030701012,风淋室,通风空调工程,通风空调设备及部件制作安装,否,,,,待补全
030701013,030701013,洁净室,通风空调工程,通风空调设备及部件制作安装,否,,,,待补全
030701014,030701014,除湿机,通风空调工程,通风空调设备及部件制作安装,是,除湿机,exact_name,100.0,
030701015,030701015,人防过滤吸收器,通风空调工程,通风空调设备及部件制作安装,否,,,,待补全
030701016,030701016,油烟净化装置,通风空调工程,通风空调设备及部件制作安装,否,,,,待补全
030701017,030701017,变风量末端装置,通风空调工程,通风空调设备及部件制作安装,否,,,,待补全
030702001,030702001,碳钢通风管道,通风空调工程,通风管道制作安装,否,,,,待补全
030702002,030702002,净化通风管道,通风空调工程,通风管道制作安装,否,,,,待补全
030702003,030702003,不锈钢板通风管道,通风空调工程,通风管道制作安装,否,,,,待补全
030702004,030702004,铝板通风管道,通风空调工程,通风管道制作安装,否,,,,待补全
030702005,030702005,塑料通风管道,通风空调工程,通风管道制作安装,否,,,,待补全
030702006,030702006,玻璃钢通风管道,通风空调工程,通风管道制作安装,否,,,,待补全
030702007,030702007,复合型风管,通风空调工程,通风管道制作安装,否,,,,待补全
030702008,030702008,柔性软风管,通风空调工程,通风管道制作安装,否,,,,待补全
030702009,030702009,弯头导流叶片,通风空调工程,通风管道制作安装,否,,,,待补全
030702010,030702010,风管检查孔,通风空调工程,通风管道制作安装,否,,,,待补全
030702011,030702011,温度、风量测定孔,通风空调工程,通风管道制作安装,否,,,,待补全
030703001,030703001,碳钢阀门,通风空调工程,通风管道部件制作安装,否,,,,待补全
030703002,030703002,柔性软风管阀门,通风空调工程,通风管道部件制作安装,否,,,,待补全
030703003,030703003,铝质阀门,通风空调工程,通风管道部件制作安装,否,,,,待补全
030703004,030703004,不锈钢阀门,通风空调工程,通风管道部件制作安装,否,,,,待补全
030703005,030703005,塑料阀门,通风空调工程,通风管道部件制作安装,否,,,,待补全
030703006,030703006,玻璃钢阀门,通风空调工程,通风管道部件制作安装,否,,,,待补全
030703007,030703007,碳钢风口、散流器、百叶窗,通风空调工程,通风管道部件制作安装,否,,,,待补全
030703008,030703008,不锈钢风口、散流器、百叶窗,通风空调工程,通风管道部件制作安装,否,,,,待补全
030703009,030703009,塑料风口、散流器、百叶窗,通风空调工程,通风管道部件制作安装,否,,,,待补全
030703010,030703010,玻璃钢风口,通风空调工程,通风管道部件制作安装,否,,,,待补全
030703011,030703011,铝及铝合金风口、散流器,通风空调工程,通风管道部件制作安装,否,,,,待补全
030703012,030703012,碳钢风帽,通风空调工程,通风管道部件制作安装,否,,,,待补全
030703013,030703013,不锈钢风帽,通风空调工程,通风管道部件制作安装,否,,,,待补全
030703014,030703014,塑料风帽,通风空调工程,通风管道部件制作安装,否,,,,待补全
030703015,030703015,铝板伞形风帽,通风空调工程,通风管道部件制作安装,否,,,,待补全
030703016,030703016,玻璃钢风帽,通风空调工程,通风管道部件制作安装,否,,,,待补全
030703017,030703017,碳钢罩类,通风空调工程,通风管道部件制作安装,否,,,,待补全
030703018,030703018,塑料罩类,通风空调工程,通风管道部件制作安装,否,,,,待补全
030703019,030703019,柔性接口,通风空调工程,通风管道部件制作安装,否,,,,待补全
030703020,030703020,消声器,通风空调工程,通风管道部件制作安装,否,,,,待补全
030703021,030703021,静压箱,通风空调工程,通风管道部件制作安装,否,,,,待补全
030703022,030703022,人防超压自动排气阀,通风空调工程,通风管道部件制作安装,是,自动排气阀,partial_match,91.1,
030703023,030703023,人防手动密闭阀,通风空调工程,通风管道部件制作安装,是,密闭阀,partial_match,88.6,
030703024,030703024,人防其他部件,通风空调工程,通风管道部件制作安装,否,,,,待补全
030305001,030305001,联合平台,静置设备与工艺金属结构制作安装工程,工艺金属结构安装,否,,,,待补全
030305002,030305002,平台,静置设备与工艺金属结构制作安装工程,工艺金属结构安装,是,上料平台,partial_match,85.0,
030305003,030305003,梯子、栏杆、扶手,静置设备与工艺金属结构制作安装工程,工艺金属结构安装,否,,,,待补全
030305004,030305004,桁架、管廊、设备框架、单梁结构,静置设备与工艺金属结构制作安装工程,工艺金属结构安装,是,结构胶,fuzzy_name,72.0,
030305005,030305005,漏斗、料仓,静置设备与工艺金属结构制作安装工程,工艺金属结构安装,否,,,,待补全
030305006,030305006,烟囱、烟道,静置设备与工艺金属结构制作安装工程,工艺金属结构安装,否,,,,待补全
030305007,030305007,双层保温成品烟囱,静置设备与工艺金属结构制作安装工程,工艺金属结构安装,否,,,,待补全
030305008,030305008,火炬及排气筒,静置设备与工艺金属结构制作安装工程,工艺金属结构安装,是,打气筒,fuzzy_name,72.0,
030307001,030307001,撬块,静置设备与工艺金属结构制作安装工程,撬块安装,否,,,,待补全
030308001,030308001,X射线探伤,静置设备与工艺金属结构制作安装工程,无损检测与热处理,否,,,,待补全
030308002,030308002,Y射线探伤,静置设备与工艺金属结构制作安装工程,无损检测与热处理,否,,,,待补全
030308003,030308003,超声波探伤,静置设备与工艺金属结构制作安装工程,无损检测与热处理,否,,,,待补全
030308004,030308004,磁粉探伤,静置设备与工艺金属结构制作安装工程,无损检测与热处理,否,,,,待补全
030308005,030308005,渗透探伤,静置设备与工艺金属结构制作安装工程,无损检测与热处理,否,,,,待补全
030308006,030308006,整体热处理,静置设备与工艺金属结构制作安装工程,无损检测与热处理,否,,,,待补全
030308007,030308007,光谱分析,静置设备与工艺金属结构制作安装工程,无损检测与热处理,否,,,,待补全
030308008,030308008,焊缝热处理,静置设备与工艺金属结构制作安装工程,无损检测与热处理,否,,,,待补全
030304001,030304001,气柜,静置设备与工艺金属结构制作安装工程,气柜制作安装,否,,,,待补全
030303001,030303001,球形罐组对,静置设备与工艺金属结构制作安装工程,球形罐组对安装,是,球形锁,fuzzy_name,72.0,
030302001,030302001,拱顶罐,静置设备与工艺金属结构制作安装工程,金属油罐制作安装,否,,,,待补全
030302002,030302002,浮顶罐,静置设备与工艺金属结构制作安装工程,金属油罐制作安装,否,,,,待补全
030302003,030302003,大型金属油罐,静置设备与工艺金属结构制作安装工程,金属油罐制作安装,否,,,,待补全
030302004,030302004,加热器,静置设备与工艺金属结构制作安装工程,金属油罐制作安装,否,,,,待补全
030306001,030306001,容器,静置设备与工艺金属结构制作安装工程,铝制、铸铁、非金属设备安装,否,,,,待补全
030306002,030306002,塔器,静置设备与工艺金属结构制作安装工程,铝制、铸铁、非金属设备安装,否,,,,待补全
030306003,030306003,热交换器,静置设备与工艺金属结构制作安装工程,铝制、铸铁、非金属设备安装,是,热交换器,exact_name,100.0,
030301001,030301001,容器,静置设备与工艺金属结构制作安装工程,静置设备,是,容器板,partial_match,88.3,
030301002,030301002,塔器,静置设备与工艺金属结构制作安装工程,静置设备,否,,,,待补全
030301003,030301003,热交换器类设备,静置设备与工艺金属结构制作安装工程,静置设备,否,,,,待补全
030301004,030301004,空气冷却器,静置设备与工艺金属结构制作安装工程,静置设备,否,,,,待补全
030301005,030301005,反应器,静置设备与工艺金属结构制作安装工程,静置设备,是,加氢反应器耐酸衬里,partial_match,81.7,
030301006,030301006,电解槽,静置设备与工艺金属结构制作安装工程,静置设备,否,,,,待补全
030301007,030301007,电除雾器,静置设备与工艺金属结构制作安装工程,静置设备,是,本安型人体静电消除器,fuzzy_name,67.5,
030301008,030301008,电除尘器,静置设备与工艺金属结构制作安装工程,静置设备,是,本安型人体静电消除器,fuzzy_name,67.5,
